-- phpMyAdmin SQL Dump
-- version 4.6.6deb4
-- https://www.phpmyadmin.net/
--
-- Client :  localhost:3306
-- Généré le :  Ven 27 Novembre 2020 à 13:39
-- Version du serveur :  10.1.26-MariaDB-0+deb9u1
-- Version de PHP :  7.0.30-0+deb9u1

SET SQL_MODE = "NO_AUTO_VALUE_ON_ZERO";
SET time_zone = "+00:00";


/*!40101 SET @OLD_CHARACTER_SET_CLIENT=@@CHARACTER_SET_CLIENT */;
/*!40101 SET @OLD_CHARACTER_SET_RESULTS=@@CHARACTER_SET_RESULTS */;
/*!40101 SET @OLD_COLLATION_CONNECTION=@@COLLATION_CONNECTION */;
/*!40101 SET NAMES utf8mb4 */;

--
-- Base de données :  `bdd_9_7`
--

-- --------------------------------------------------------

--
-- Structure de la table `Affiliation`
--

CREATE TABLE `Affiliation` (
  `id_affiliation` int(5) UNSIGNED NOT NULL,
  `nomAffiliation` varchar(255) NOT NULL
) ENGINE=InnoDB DEFAULT CHARSET=utf8mb4;

--
-- Contenu de la table `Affiliation`
--

INSERT INTO `Affiliation` (`id_affiliation`, `nomAffiliation`) VALUES
(1, 'Criminels'),
(2, 'Alliance Rebelle'),
(3, 'Ascendance Chiss'),
(4, 'Empire Galactique'),
(5, 'Empire Sith de Revan '),
(6, 'Empire Sith Ressuscité '),
(7, 'Empire Eternel'),
(8, 'Hégémonie Grysk'),
(9, 'Ordre Jedi'),
(10, 'Ordre Sith'),
(11, 'Eternel Sith'),
(12, 'CSI'),
(13, 'Nouvelle République'),
(14, 'Rebellion'),
(15, 'République'),
(16, 'Premier Ordre'),
(17, 'Naboo'),
(18, 'Wookie');

-- --------------------------------------------------------

--
-- Structure de la table `Climate`
--

CREATE TABLE `Climate` (
  `id` int(3) UNSIGNED NOT NULL,
  `name` varchar(35) NOT NULL
) ENGINE=InnoDB DEFAULT CHARSET=utf8mb4;

--
-- Contenu de la table `Climate`
--

INSERT INTO `Climate` (`id`, `name`) VALUES
(1, 'arid'),
(2, 'temperate'),
(3, 'tropical'),
(4, 'frozen'),
(5, 'murky'),
(6, 'windy'),
(7, 'hot'),
(8, 'humid');

-- --------------------------------------------------------

--
-- Structure de la table `Film`
--

CREATE TABLE `Film` (
  `id` int(3) UNSIGNED NOT NULL,
  `titre` varchar(50) NOT NULL,
  `réalisation` varchar(255) NOT NULL,
  `scenario` varchar(255) NOT NULL,
  `sortie` date DEFAULT NULL,
  `duree` varchar(255) NOT NULL,
  `episode` int(2) DEFAULT NULL,
  `opening` varchar(1000) DEFAULT NULL,
  `picture` varchar(255) NOT NULL,
  `synopsis` longtext NOT NULL,
  `bandeannonce` varchar(255) NOT NULL
) ENGINE=InnoDB DEFAULT CHARSET=utf8mb4;

--
-- Contenu de la table `Film`
--

INSERT INTO `Film` (`id`, `titre`, `réalisation`, `scenario`, `sortie`, `duree`, `episode`, `opening`, `picture`, `synopsis`, `bandeannonce`) VALUES
(1, 'Star Wars, épisode I : La Menace fantôme ', 'George Lucas', 'George Lucas', '1999-10-13', '136 minutes', 1, NULL, 'images/Trilogie 1/episode1.jpg', 'Avant de devenir un célèbre chevalier Jedi, et bien avant de se révéler l\'âme la plus noire de la galaxie, Anakin Skywalker est un jeune esclave sur la planète Tatooine. <br>\r\nLa Force est déjà puissante en lui et il est un remarquable pilote de Podracer. <br>\r\nLe maître Jedi Qui-Gon Jinn le découvre et entrevoit alors son immense potentiel.<br> Pendant ce temps, l\'armée de droïdes de l\'insatiable Fédération du Commerce a envahi Naboo dans le cadre d\'un plan secret des Sith visant à accroître leur pouvoir.', 'https://www.youtube.com/embed/bD7bpG-zDJQ'),
(2, 'Star Wars, Episode II : L\'attaque des Clones', 'George Lucas', 'George Lucas', '2002-05-17', '142 minutes', 2, NULL, 'images/Trilogie 1/episode2.jpg', 'Depuis le blocus de la planète Naboo, la République, gouvernée par le Chancelier Palpatine, connaît une crise. Un groupe de dissidents, mené par le sombre Jedi comte Dooku, manifeste son mécontentement. <br>\r\nLe Sénat et la population intergalactique se montrent pour leur part inquiets. <br>Certains sénateurs demandent à ce que la République soit dotée d\'une armée pour empêcher que la situation ne se détériore. <br>\r\nPadmé Amidala, devenue sénatrice, est menacée par les séparatistes et échappe à un attentat.', 'https://www.youtube.com/embed/f8_hcsJ1QNU'),
(3, 'Star Wars, épisode III : La Revanche des Sith', 'George Lucas', 'George Lucas', '2005-05-18', '140 minutes', 3, NULL, 'images/Trilogie 1/episode3.jpg', 'La Guerre des Clones fait rage. Une franche hostilité oppose désormais le Chancelier Palpatine au Conseil Jedi. <br>\r\nAnakin Skywalker, jeune Chevalier Jedi pris entre deux feux, hésite sur la conduite à tenir. Séduit par la promesse d\'un pouvoir sans précédent, tenté par le côté obscur de la Force, il prête allégeance au maléfique Darth Sidious et devient Dark Vador.<br>\r\nLes Seigneurs Sith s\'unissent alors pour préparer leur revanche, qui commence par l\'extermination des Jedi.', 'https://www.youtube.com/embed/5UnjrG_N8hU'),
(4, 'Star Wars, épisode IV : Un nouvel espoir', 'George Lucas', 'George Lucas', '1977-10-19', '121 minutes', 4, NULL, 'images/Trilogie 2/episode4.jpg', 'Il y a bien longtemps, dans une galaxie très lointaine. La guerre civile fait rage entre l\'Empire galactique et l\'Alliance rebelle. <br>\r\nCapturée par les troupes de choc de l\'Empereur menées par le sombre et impitoyable Dark Vador, la princesse Leia Organa dissimule les plans de l\'Etoile Noire, une station spatiale invulnérable, à son droïde R2-D2 avec pour mission de les remettre au Jedi Obi-Wan Kenobi.', 'https://www.youtube.com/embed/vZ734NWnAHA'),
(5, 'Star Wars, épisode V : L\'Empire contre-attaque', 'Irvin Kershner', 'George Lucas', '1980-08-20', '124 minutes', 5, NULL, 'images/Trilogie 2/episode5.jpg', 'Malgré la destruction de l\'Etoile Noire, l\'Empire maintient son emprise sur la galaxie, et poursuit sans relâche sa lutte contre l\'Alliance rebelle. <br>\r\nBasés sur la planète glacée de Hoth, les rebelles essuient un assaut des troupes impériales. <br>\r\nParvenus à s\'échapper, la princesse Leia, Han Solo, Chewbacca et C-3P0 se dirigent vers Bespin, la cité des nuages gouvernée par Lando Calrissian, ancien compagnon de Han.', 'https://www.youtube.com/embed/JNwNXF9Y6kY'),
(6, 'Star Wars, épisode VI : Le Retour du Jedi', 'Richard Marquand ', 'George Lucas', '1983-10-19', '134 minutes', 6, NULL, 'images/Trilogie 2/episode6.jpg', 'L\'empire galactique est plus puissant que jamais : la construction de la nouvelle arme, l\'étoile de la mort, menace l\'univers tout entier...<br>\r\nHan Solo est remis à l\'ignoble contrebandier Jabba le Hutt par le chasseur de primes Boba Fett. <br>\r\nAprès l\'échec d\'une première tentative d\'évasion menée par la princesse Leia, également arrêtée par Jabba, Luke Skywalker et Lando parviennent à libérer leurs amis.', 'https://www.youtube.com/embed/7L8p7_SLzvU'),
(7, 'Star Wars, épisode VII : Le Réveil de la Force', 'J.J Abrams', 'Lawrence Kasdan\r\nMichaël Arndt', '2015-12-16', '135 minutes', 7, NULL, 'images/Trilogie 3/episode7.jpg', 'Plus de 30 ans après la bataille d\'Endor, qui a vu la chute de l\'Empire galactique, la paix et la nouvelle république sont encore fragiles.<br>\r\nLes nostalgiques de l\'ancien régime, rassemblés sous la bannière du Premier Ordre, tentent de reprendre la main sur la force. A leur tête, le sinistre Kylo Ren lance des attaques pirates aux confins de la galaxie.', 'https://www.youtube.com/embed/mH9Ygfs5avo'),
(8, 'Star Wars, épisode VIII : Les Derniers Jedi', 'Rian Johnson', 'Rian Johnson', '2017-12-13', '152 minutes', 8, NULL, 'images/Trilogie 3/episode8.jpg', 'Le Premier Ordre étend ses tentacules aux confins de l\'univers, poussant la Résistance dans ses retranchements.<br>\r\nIl est impossible de se sauver à la vitesse de la lumière avec cet ennemi continuellement aux trousses. Cela n\'empêche pas Finn et ses camarades de tenter d\'identifier une brèche chez leur adversaire.<br>\r\nPendant ce temps, Rey se trouve toujours sur la planète Ahch-To pour convaincre Luke Skywalker de lui enseigner les rudiments de la Force.', 'https://www.youtube.com/embed/wY708Ky2SG8'),
(9, 'Star Wars, épisode IX : L\'Ascension de Skywalker', 'J.J Abrams', 'J.J. Abrams\r\nChris Terrio\r\nColin Trevorrow\r\nDerk Connolly', '2019-12-18', '142', 9, NULL, 'images/Trilogie 3/episode9.jpg', 'La suite de Star Wars VIII. (C\'est ce qui était marquer sur wikipedia dsl).', 'https://www.youtube.com/embed/pHgwf2eMFnA'),
(10, 'Rogue One: A Star Wars Story', 'Gareth Edwards', 'Chris Weitz\r\nTony Gilroy', '2018-12-14', '133 minutes', 10, NULL, 'images/Spinn off/rogueone.jpg', '', 'https://www.youtube.com/embed/ox6Dsbvp7ng'),
(11, 'Solo: A Star Wars Story', 'Ron Howard', 'Lawrence Kasdan\r\nJon Kasdan', '2018-05-16', '135 minutes', 11, NULL, 'images/Spinn off/solo.jpg', '', 'https://www.youtube.com/embed/mJUsd9D9NW0'),
(12, 'Star Wars: The Clone Wars', 'George Lucas', '', '2008-10-03', '26 minutes', 12, NULL, 'images/Spinn off/clone wars.jpg', '', 'https://www.youtube.com/embed/OMHXnDlG-kY'),
(13, 'The Mandalorian ', 'Jon Favreau', 'Jon Favreau', '2019-11-12', '31-55 min', 13, NULL, 'images/Spinn off/mandalorian.jpg', '', 'https://www.youtube.com/embed/3QJypub6Yag');

-- --------------------------------------------------------

--
-- Structure de la table `FilmPlanets`
--

CREATE TABLE `FilmPlanets` (
  `id_film` int(3) UNSIGNED NOT NULL,
  `id_planet` int(3) UNSIGNED NOT NULL
) ENGINE=InnoDB DEFAULT CHARSET=utf8mb4;

--
-- Contenu de la table `FilmPlanets`
--

INSERT INTO `FilmPlanets` (`id_film`, `id_planet`) VALUES
(1, 1),
(1, 8),
(1, 9),
(2, 1),
(2, 8),
(2, 9),
(2, 10),
(2, 11),
(3, 1),
(3, 2),
(3, 5),
(3, 8),
(3, 9),
(3, 12),
(3, 13),
(3, 14),
(3, 15),
(4, 1),
(4, 2),
(4, 3),
(4, 8),
(4, 9),
(5, 4),
(5, 5),
(5, 6),
(6, 1),
(6, 5),
(6, 7);

-- --------------------------------------------------------

--
-- Structure de la table `HasClimate`
--

CREATE TABLE `HasClimate` (
  `id_planet` int(3) UNSIGNED NOT NULL,
  `id_climate` int(3) UNSIGNED NOT NULL
) ENGINE=InnoDB DEFAULT CHARSET=utf8mb4;

--
-- Contenu de la table `HasClimate`
--

INSERT INTO `HasClimate` (`id_planet`, `id_climate`) VALUES
(1, 1),
(2, 2),
(3, 2),
(3, 3),
(4, 4),
(5, 5),
(6, 2),
(7, 2),
(8, 2),
(9, 2),
(10, 2),
(11, 1),
(11, 2);

-- --------------------------------------------------------

--
-- Structure de la table `People`
--

CREATE TABLE `People` (
  `id` int(6) UNSIGNED NOT NULL,
  `nom` varchar(50) NOT NULL,
  `sexe` char(1) DEFAULT NULL,
  `taille` int(3) DEFAULT NULL,
  `affiliations` varchar(255) NOT NULL,
  `espece` varchar(255) NOT NULL,
  `armes` varchar(255) NOT NULL,
  `vehicules` varchar(255) NOT NULL,
  `picture` varchar(255) NOT NULL,
  `homeworld` int(3) UNSIGNED DEFAULT NULL,
  `description` longtext NOT NULL
) ENGINE=InnoDB DEFAULT CHARSET=utf8mb4;

--
-- Contenu de la table `People`
--

INSERT INTO `People` (`id`, `nom`, `sexe`, `taille`, `affiliations`, `espece`, `armes`, `vehicules`, `picture`, `homeworld`, `description`) VALUES
(1, 'Luke Skywalker', 'H', 172, 'Alliance Rebel\r\nOrdre Jedi', 'Humain', 'Lightsaber, Blaster Pistol, Luke Skywalker Lightsaber (Green Blade), Skywalker lightsaber', 'X-34 Landspeeder, T-16 Skyhopper, X-wing Starfighter, Snowspeeder', 'images/Personnages/Luke.jpg', 1, 'Le jeune Luke Skywalker nait dans des conditions dramatiques. <br>\r\nFrère jumeau de Leia, fils de Padmé Amidala et d\'Anakin Skywalker, héros de la Guerre des Clones ayant sombré dans le Côté Obscur, l\'enfant voit le jour sur Polis Massa quelques minutes avant sa sœur jumelle, sous l\'œil inquiet de deux Jedi rescapés qui prendront plus tard une importance énorme dans sa vie : Obi-Wan Kenobi et Yoda. <br>\r\nAlors que sa mère meurt de chagrin à cause de ce qu\'est devenu son époux, Luke n\'est alors qu\'un bébé fragile et déjà menacé : son propre père, désormais aux ordres du Seigneur des Sith Dark Sidious, qui contrôle le nouvel Empire récemment formé, en ferait sans aucun doute son apprenti et les deux enfants, Luke comme Leia, ne seraient alors plus que d\'autres serviteurs du Mal parmi tant d\'autres.'),
(2, 'Rey', 'F', 170, '', 'Humain', 'Lightsaber \r\nBlaster Pistol\r\nSkywalker lightsaber\r\nRey\'s Blaster\r\nRey\'s Quarterstaff', 'Millennium Falcon\r\nX-wing Starfighter\r\nRey\'s Speeder', 'images/Personnages/Rey.png', NULL, 'Rey était une jeune femme ayant vécu à l\'époque du conflit entre le Premier Ordre et la Résistance, époque durant laquelle elle vivait sur la planète Jakku.<br> \r\nSuite à la bataille qui avait laissé de nombreuses épaves de vaisseaux écrasés dans les dunes désertiques, Rey arpentait les étendues désolées de Jakku sur son speeder à la recherche de pièces détachées de valeur.<br> \r\nAlors que les années passaient et que les journées se ressemblaient sous la chaleur accablante, Rey attendait que sa famille vienne la chercher. Ce mince espoir qu\'elle nourrissait et à quoi elle se rattachait l\'empêchait de quitter la planète. <br>\r\nMais le destin allait bientôt précipiter les événements et l\'entraîner dans une aventure retentissante qu\'elle n\'aurait jamais pu imaginer. '),
(3, 'Han Solo', 'H', 180, 'Alliance Rebelle ', 'Humain', 'Blaster Pistol ', 'Millennium Falcon\r\nThe Eravana', 'images/Personnages/HanSolo.jpg', NULL, ''),
(4, 'Leia Organa', 'F', 150, 'Alliance rebelle \r\nNouvelle République \r\nRésistance', 'Humain', 'Blaster Pistol', 'Tantive IV\r\nThe Raddus', 'images/Personnages/Leia.png', NULL, 'Toute la cour savait que Leia Organa avait été adoptée par la famille royale mais personne ne savait quelle était la fille du cruel Anakin Skywalker, devenu Darth Vader, bras droit du sombre Empereur Palpatine. Personne ne savait non plus qu’elle avait un frère caché, pas même elle. Leia conserva de brefs souvenirs de sa mère Padmé Amidala, qu’elle trouvait d’ailleurs très belle. Il s’agit même d’un de ses seuls souvenirs. Bail Organa s\'occupa de l\'éducation de Leia qui fit ses premiers pas dans la République avec sa fidèle dame de compagnie Winter. Elle devint même le plus jeune sénateur jamais élue par le Sénat.\r\n\r\nLeia Organa s\'aperçu que l’Empire était tyrannique et rejoignit son père adoptif au service de l’Alliance Rebelle. Leia voyageait surtout pour des missions diplomatiques afin d\'obtenir des renseignements secrets pour l\'Alliance Rebelle. C\'est d\'ailleurs lorsqu’elle était en mission diplomatique sur la planète Ralltiir, qu\'elle apprit l\'information cruciale pour les Rebelles : l\'existence de l\'Etoile Noire. Leia Organa fut alors soupçonnée de trahison lorsqu\'elle intercepta les plans de la base stellaire. Leia voulait trouver un héros de l\'Ancienne République pour qu’il vienne en aide l\'Alliance Rebelle. Ce dernier était Obi Wan Kenobi. Leia partit donc en direction de Tatooine à la recherche d’Obi Wan où il s\'y était maintenant réfugié. Mais le vaisseau de Leia, le Tantive IV fut attaqué par un Destroyer Impérial. Leia donna donc les plans de l\'Etoile Noire ainsi qu\'un message pour retrouver Obi Wan, à R2-D2. Leia Organa fut faite prisonnière de l’Empire et interrogée par le grand Moff Wilhuff Tarkin qui menaça Leia de détruire Alderaan si elle ne révélait pas l\'emplacement de la base des Rebelles. Elle menti pourtant au détestable Moff l\'emplacement de l’ancienne base sur Dantooine. La planète étant trop éloignée Wilhuff Tarkin donna l\'ordre de faire les premiers essais de l\'arme sur Alderaan qui explosa sur le coup. Elle ne tarda pas à se faire sauver par Luke Skywalker et Han Solo qui l’emmenèrent sur Yavin 4. Là bas elle suivi la Bataille de Yavin et présida la Cérémonie finale.\r\n\r\nLeia Organa fut transférée au poste de haut commandement du nouveau quartier général de l\'alliance sur la planète gelée de Hoth. La base fut attaquée par les Forces Impériales et Leia fit évacuer la base avec le général Carlist Rieekian. Mais elle fut coupée de son vaisseau de transport elle partit donc avec Han Solo à bord du Faucon Millenium. Arrivée à la cité des nuages sur Bespin, Leia, Chewbacca et Han Solo furent trahis par Lando Calrissian qui les livra à Darth Vader. Leia avoua son amour pour Han juste avant que celui ci soit congelé dans la carbonite et emporté par Boba Fett. Leia, Chewbacca et Lando Calrissian parvinrent à s\'évader et sauve la vie de Luke grace à la Force.\r\n\r\nElle se mit en quête de retrouver Han Solo, son amour perdu. Elle fit équipe a vec Lando, Chewie et Dash Rendar. Le droid Guri les ammena au palais de Xizor. Prise sous son charme elle fut libérée de justesse par Luke Skywalker avant de commettre l’irréparable. Son séjour dans la forteresse lui permit de s\'emparer d\'un détonateur thermal et de l\'armure du chasseur de primes Boussh. Elle réussit à infiltrer le Palais de Jabba le Hutt. La nuit tombée elle vint délivrer Han de la carbonite ais elle fut prise et du subir l\'humiliation d\'être l\'esclave de Jabba. Sa vengeance fut terrible lorsqu\'elle étrangla le Hutt avec la chaîne qui lui servait de laisse alors que Luke faisait du ménage en massacrant la garde du Hutt.\r\n\r\nLeia Organa fut présente au briefing de Mon Mothma et lorsque le général Crix Madine exposa son plan elle rejoignit le commando de Han Solo pour détruire le bouclier de l’Etoile Noire sur Endor. Arrivée sur place, Leia fut séparée du groupe après une poursuite en Speederbikes, mais recueillie par des Ewoks quelle convaincs de les aider à combattre l’Empire et de libérer Han, Luke, Chewbacca, et les autres membres de son groupe qui allaient servir de repas pour la tribu d\'Ewoks. C\'est quelque temps après que Luke annonce à Leia les lien qui les unissait. Mais c\'est plus tard après la destruction de l’Etoile Noire et la mort de l\'Empereur Palpatine que Leia fit ses premières utilisations de la Force. Leia fit beaucoup de missions d\'aide diplomatique après la Bataille d\'Endor.\r\n\r\nElle ne fit pas partie du gouvernement provisoire mis en place pour la Nouvelle République malgré son ancienneté. Leia Organa obtint le poste de conseillère interne. Le gouvernement Isolotinniste de la confédération Hapienne montra des signes d\'ouverture quelques années plus tard. Le Prince héritier Isolder demanda Leia en mariage en échange de tout les trésors de la confédération. Leia plutôt contente de cette offre et prenant compte que son refus entraînerait un conflit entre la République et Hapès accepta la demande. Han jaloux devant cette demande et ne croyant plus en l\'amour de Leia, enleva Leia sur la planète Dathomir afin de regagner son amour. Le monde de Dathomir était malsain et nos deux amours durent faire face à de très nombreux dangers et à la garnison impériale du seigneur Zsinj. Et c’est à ce moment que Leia s\'aperçu de l\'amour que Han portait pour elle. Venu sur la planète Dathomir afin de secourir Leia le Prince Isolder s\'aperçu de l\'amour qui unissait Han et Leia et retira volontairement sa demande en mariage. Sans que pour autant le Consortium de Hapèsrejoigne la République et Leia et Han se marièrent sous les yeux bienveillants de Luke et d\'Isolder.\r\n\r\nMinistre d\'État ,Leia attendait deux jumeaux durant la crise Thrawn. S\'en suivi de multiples tentatives d\'enlèvement par les Noghris. Leia alla sur Honoghr afin de leur démontrer que l\'Empire les manipulaient. Les Noghris devinrent alors tous dévoués à Leia et à sa famille. Jacen Solo et Jaina Solo furent souvent en danger tout comme Anakin Solo arrivé un an et demi après. Leia Organa décida donc de les cacher afin de les protéger. L\'ambassadeur Furgan de Carida tenta d’enlever Anakin. Depuis ce temps Leia décida de ne plus cacher ses enfants étant trop loin d\'elle pour leur sécurité. Mais Hethrir ancien procurateur de Palpatine et doué du Côté Obscur de la Force les enleva sur Munto Codru. Il échoua et les enfants retrouvèrent finalement leurs parents. Leia Organa accède alors au poste de chef d\'État de la Nouvelle République pendant cette période et le demeura pendant de nombreuses années. Elle guida la Nouvelle République au travers de nombreuses crises.\r\n\r\nLeia Organa avait quittée la présidence de la Nouvelle République jusqu\'au jour ou l\'amiral Gilad Pellaeon décida de créer une trêve entre la Nouvelle République et l\'Empire. Leia négocia cette trêve avec succès mais perdit peu à peu son statut au sein du gouvernement. Elle fut de moins en moins présente dans le monde politique et consacra plus de temps à ses enfants et au divers problèmes d\'ordre diplomatiques.\r\n\r\nCette période est le début des invasions Yuuzhan Vongs. Leia Organa tenta d\'avoir de l\'aide en influençant le gouvernement pour venir en aide au planètes envahies par les Yuuzhan Vongs, mais elle n\'obtenu que l\'aide non officielle du chef d\'armée du sénat de la Nouvelle République qui refusait de reconnaître l\'invasion des Yuuzhan Vongs comme une menace. Pendant que Han Solo vivait mal la mort de son meilleur ami Chewbacca, mort lors de la destruction de Serpnidal, Leia se consacrait à la défense des mondes en danger ainsi qu\'à la préparation de la défense de la galaxie avec l\'aide de Luke et des derniers Jedi. Lorsque son fils Anakin Solomourut elle sombra à son tour dans la dépression mais Han Solo resta fort pour l’aider dans cette épreuve comme elle l’avait fait avec lui auparavant. Quelques mois plus tard elle intégra la Nouvelle Rébellion instituée par Wedge Antilles avec Han. Elle n’en avait pas fini de rendre des comptes aux Yuuzhan Vongs.'),
(5, 'Poe Dameron', 'H', NULL, 'Résistance', 'Humain', 'Blaster Pistol', 'Millennium Falcon\r\nResistance X-Wing\r\nBlack One', 'images/Personnages/PoeDameron.jpg', NULL, 'Poe Dameron était un humain, né en +2  sur Yavin IV.  Il était le fils de Shara Bey et Kes Dameron qui avaient participé avec l\'Alliance Rebelle à la guerre contre l\'Empire. Il devint pilote comme sa mère avant lui et rejoignit la Nouvelle République puis la Résistance. Il avait le grade de commandant et était à la tête de l\'escadron Black.\r\n\r\nRencontre avec Lor San Tekka\r\n\r\nEn +34, il fut envoyé par Leia Organa sur la planète Jakku afin d\'y retrouver Lor San Tekka. La rencontre se déroula dans le village de Tuanul, peuplé par les membres de l\'Église de la Force. San Tekka était en possession d\'un fragment de carte qui conduisait à Luke skywalker. \r\n\r\nUne fois qu\'il avait ce fragment, Poe du s\'enfuir car le Premier Ordre était à ses trousses. Il sauta dans son X-Wing, tua quelques Stormtroopers avec le canon du vaisseau mais les soldats du Premier Ordre allaient mettre hors service le vaisseau. Du coup, Poe demanda à BB-8 de s\'éloigner pour mettre en sécurité la carte en lui garantissant qu\'il irait le rechercher. Il décida d\'engager le combat mais fut immobilisé par Kylo Ren en voyant un de ses tirs être stoppé par la Force. Poe se retrouvait en face de Kylo Ren. Poe refusa de répondre aux questions de Ren et lui dit que la Résitance ne se laisserait pas intimider par le Premier Ordre. \r\n\r\nPoe fut emprisonné sur le Finalizer, et malgré une bonne résistance, il lâcha à Ren les informations concernant BB-8. Fatigué, Poe fit la rencontre avec un Stromtrooper qui voulait s\'enfuir du Premier Ordre. Il s\'agissait de FN-2187 qui lui proposa de s\'évader. Il avait besoin d\'un pilote et Poe savait tout piloter. Une fois installé dans le TIE Fighter FS, Poe devait faire face à un problème de taille : le vaisseau était bloqué par un câble. Pendant qu\'il cherchait une solution pour se détacher, FN-2187 ouvrit le feu dans le hangar, tuant des Stromtroopers et provoquant la destruction de la passerelle de commandement.\r\n\r\nRetour sur Jakku\r\n\r\nUne fois dans l\'espace, Poe allait faire les présentations avec le Stormtrooper mais à l\'évocation du matricule de celui-ci, Poe décida de lui donner le nom de Finn. Il lui expliqua qu\'il devait détruire les canons de surface afin d\'assurer leur fuite. Une fois cette opération réussie et au grand étonnement de Finn, Poe prenait la direction de Jakku afin de retrouver BB-8. Malheureusement pour les deux compères, une torpille allait endommager leur appareil qui s\'écrasa dans les Champs naufragé. Une fois réveillé, Finn ne retrouva pas Poe mais récupéra son blouson tout en marchant vers l\'avant poste de Niima. Si Finn pris par le sud, Poe prendra le chemin par le nord, en voyageant avec un récupérateur Blarina nommé Naka Lit, jusqu\'à Blowback Town.\r\n\r\nD\'Qar et l\'attaque de la Base Starkiller\r\n\r\nPoe retouva BB-8 sur D\'Qar, base de la Résistance, après l\'attaque de la Résistance sur Takodana au cours de laquelle Poe allait démontrer toutes ses aptitudes. Il retrouva également Finn et ... son blouson qu\'il laissa à l\'ancien soldat du Premier Ordre. Finn explique dans la salle de briefing qu\'il pouvait désactiver le bouclier en se rendant sur la Base Starkiller et Poe s\'occuperait alors de l\'oscillateur avec l\'Escadron Black. Poe mena l\'attaque au sein de son X-Wing noir et orange T-70 et son équipe allait faire face à une escouade de Tie Fighters nommée Revanche de Tarkin.\r\n\r\nLa bataille fit rage, les pertes de la Résistance furent conséquentes mais grâce à l\'explosion des bombes posées par Chewbacca et Han Solo, une brèche dans le blindage permit à Poe de s\'infiltrer dans l\'oscillateur qu\'il détruisit. La Résistance remportait une bataille importante mais allait devoir faire face à la contre attaque du Premier Ordre.\r\n\r\nEvacuation de la base de D\'Qar \r\n\r\nLa Résistance devait évacuer au plus vite sa base car le Premier Ordre allait répliquer au plus vite. Poe, lors de cette évacuation allait se positionner en face du cuirassé Fulminatrix et entama le dialogue avec le Général Hux. Pour gagner du temps et surcharger ses réacteurs, il fit mine de ne pas l\'entendre et une fois qu\'il avait bien énervé ce dernier, il s\'attaqua à toute vitesse aux canons de surface du Fulminatrix, les détruisant les uns après les autres afin de laisser les escadrons Cobalt et Crimson approcher. L\'objectif de Poe était de détruire ce cuirassé et même si au final il fut détruit, la mission ressemblait à un échec avec de lourdes pertes (tous les bombardiers donc celui de Paige, le Cobalt Hammer) et une Leia furieuse, giflant Poe qui avait refusé de l\'écouter quand elle lui avait ordonné de faire demi-tour. Il était dégradé au rang de capitaine.\r\n\r\nDans la foulée, la flotte allait passer en hyper-espace mais le Premier Ordre avait le moyen de les suivre. Poe proposa donc d\'aller au combat, ce que Leia accepta. Alors qu\'il se dirigeait en courant vers le hangar, Kylo envoya une torpille qui détruisit tous les vaisseaux qui étaient présents, tuant de nombreux pilotes (dont Tallie Lintra). Quand la passerelle de commandement du Raddus fut détruite, Poe était présent pour récupérer Leia, seule survivante. A la nomination de Holdo comme chef de la Résistance, Poe fut sceptique, n\'ayant pas vraiment confiance dans cette personne qui n\'allait pas lui réserver le meilleur des accueils. Quand Finn et Rose lui expliqua leur plan pour désactiver le traceur d\'hyper-espace, Poe accepta et enrôla avec lui quelques Résistants dont Connix. Voyant qu\'Holdo décidait de ravitailler les navettes de transports pour fuir le vaisseau, Poe l\'accusa d\'être une traitre et la releva Holdo de ses fonctions, prenant du coup les commandes du vaisseau pour faire le passage en vitesse lumière. Malheureusement, le plan de Finn et Rose allait échouer et une fois Leia réveillée, elle le paralysa avec son blaster.\r\n\r\nFuite sur Crait\r\n\r\nEmbarqué dans une navette de transport, il se réveilla et Leia lui expliqua son plan. Parvenus avec difficulté sur Crait, Poe participa à la bataille contre le Premier Ordre et ses puissants AT-M6. Il fallait gagner du temps pour attendre, éventuellement, du soutien des alliés de Leia mais aussi s\'occuper du canon bélier qui allait détruire l\'entrée de la base. A bord de ski-speeders pas franchement solides, les pilotes allaient sur le terrain mais tombaient comme des mouches.\r\n\r\nPoe décida de sonner la retraite et ils se retrouvaient donc acculer à l\'intérieur de la base. Ce n\'est que grâce à l\'apparition de Luke Skywalker qu\'ils purent prendre la fuite dans le fond de la grotte en suivant les renards de cristal. Poe se comportait en vrai chef sous l\'œil ravi de Leia. Face à un mur de pierres, l\'espoir semblait de nouveau disparaitre mais Rey, de l\'autre côté, dégagea le passage et ce qu\'il restait de la Résistance prit la fuite à bord du Faucon Millenium.\r\n\r\n\r\n(Sources : Star Wars ep VII  et VIII / Star Wars : l\'encyclopédie des personnages)'),
(6, 'Kylo Ren', 'H', 189, 'Premier Ordre', 'Humain', 'Kylo Ren\'s Lightsaber', 'Kylo Ren\'s Command Shuttle\r\nFinalizer\r\nTIE silencer\r\nThe Supremacy	\r\nWEAPONS\r\nKylo Ren\'s Lightsaber', 'images/Personnages/KyloRen.png', NULL, ''),
(7, 'Finn', 'H', 178, 'Premier Ordre\r\nRésistance', 'Humain', 'Lightsaber\r\nBlaster Rifle', 'Resistance ski speeder\r\nResistance Transport Pod', 'images/Personnages/Finn.jpg', NULL, 'Après avoir quitté le premier ordre, il fut, à contrecœur, impliqué dans la quête de la récupération du droïde BB8 sur la planète Jakku avant de rejoindre la Résistance. Il s’échappa de la planète Jakku avec BB8 et une pilleuse d’épaves nommée Rey.\r\n\r\nAvec le célèbre contrebandier Han Solo et Chewbacca, Finn rejoignit les efforts de la Résistance afin de détruire la super arme du Premier Ordre, la base Starkiller et de retrouver Rey qui avait été capturée. Cependant, après la mort de Solo des mains de Kylo Ren dans l’assaut sur Starkiller, Finn fut grièvement blessé dans un duel au sabre laser avec Kylo Ren. Après que Finn ait été désarmé, Rey reprit conscience et a vaincu Kylo Ren. Il fut emmené par Rey et Chewbacca à bord du Faucon Millénium, et laissé aux soins intensifs dans la base de la Résistance tandis qu’il était encore dans le coma.\r\n\r\nFinn fut enlevé à ses parents alors qu’il n’était qu’un enfant dans le seul but de servir le Premier Ordre. Finn révéla plus tard qu\'il avait été trop jeune pour se souvenir même qui était sa famille. L\'enfant reçut la désignation Fn-2187 et fut formé comme Stormtrooper du Premier Ordre, une junte militaire qui poursuivait les idéaux de l’Empire Galactique dans les décennies après la guerre civile galactique. FN-2187 servit sous les ordres du capitaine Phasma et, en tant que cadet, aux côtés d’autres soldats FN-2199 (Nines), FN-2000 (Zeros) et FN-2003 (Slip).\r\nFN-2187, surnommé Huit-Sept par ces collègues soldats, était reconnu par ses camarades et supérieurs comme un Stormtrooper du Premier Ordre idéal, ayant toujours eu les meilleures notes en tant que cadet. Finn était désigné en charge de l’assainissement de la base Starkiller. Alors qu’il n’était que cadet, Huit-Sept et ses collègues soldats subirent une simulation d’entraînement dans lequel ils attaquaient une base de la Nouvelle République, avec l\'intention de détruire un blaster lourd à répétition. Au cours de leur avancée dans le bunker, alias Slip tomba. Huit-Sept décida de le sauver, malgré les objections de Zeros et Nines, qui voulaient atteindre leur objectif.\r\n\r\nIls estimèrent que le sauvetage de Slip conduirait à la victoire de la Nouvelle République, Huit-Sept leur ordonna de sauver leur compagnon d’armes. Huit-Sept envoya Zeros et Nines dans des directions opposées afin de diviser l\'attention de la République, tandis que huit Sept alla lui-même sauver Slip. Le sauvetage fut un succès. Bien que Zeros et Nines furent cloués au sol, leur détournement a donné à Huit-Sept un chemin clair dans le bunker de la République, dans laquelle il jeta une grenade et a détruisit le blaster avant que la République ne puisse réagir à son attaque. La simulation était suivie par le capitaine Phasma et général Hux. Une fois la session d’entrainement finie, Phasma parla aux soldats en leur disant que leur performance avait été adéquate. Chacun reçut un examen de leur performance, Huit-Sept fut félicité par son taux de destruction et l\'achèvement de son objectif. Phasma expliqua à Huit-Sept que ses camarades devraient suivre son exemple. Les autres soldats furent congédiés, mais Huit-Sept reçut l’ordre de rester avec Phasma qui lui demanda pourquoi il avait sauvé Slip, comme ce n’était pas la première fois que Huit-Sept avait aidé son camarade, et lui ordonna d\'arrêter, prétendant que le Premier Ordre était aussi fort que son maillon le plus faible. Plutôt que de régler le problème, Phasma dit à FN-2187qu\'il devait persister et ne pas affaiblir le groupe.\r\n\r\nPhasma sentit l’hésitation de sa part, mais il lui assura qu\'il allait cesser d’aider Slip. Suite à cet incident, FN-2187 et ses collègues soldats furent déployés dans une autre simulation, une colonie minière dans un astéroïde domaine connu sous le nom TumblePressy dans le système Pressylla des Bordures Extérieures. Le capitaine Phasma informa les Stormtroopers que le but de leur mission était de « rétablir l’ordre » après que des agents République avaient prétendument infiltré les opérations minières, saboté l’équipement et créé la dissidence parmi les mineurs là-bas. En réalité, les mineurs avaient organisé une grève pour protester contre les conditions de travail difficiles. À l’arrivée, le capitaine Phasma prit l\'unité de FN-2187 dans une salle de négociations. Le capitaine Phasma donna ensuite l\'ordre aux soldats d’exécuter les négociateurs. FN-2187 pointa son fusil sur le négociateur Abednedo, mais ne put se résoudre à tirer. Slip attaqua à sa place.\r\n\r\nAu retour de Pressylla, FN-2187 et ses collègues soldats furent officiellement reconnus comme Stormtroopers à part entière. Le capitaine Phasma décida que FN-2187 devait être déployé dans une prochaine bataille sur Jakku, pensant qu\'il comprendrait ce que cela signifiait d\'être un Stormtrooper et de se battre lorsqu\'il est amené à faire face avec ceux qui l\'attaquent en arrière. FN-2187 et ses camarades soldats furent envoyés en mission sur la planète Jakku, où un homme nommé Lor San Tekka détiendrait une partie d\'une carte qui conduirait à Luke Skywalker, le dernier Jedi. FN-2187 fut déployé à partir du Star Destroyer Finalizer, avec 4 élites de Stormtroopers, au village de Tuanul.\r\n\r\nLe Premier Ordre attaqua le village où Lor San Tekka vivait dans la clandestinité, et pendant la lutte, FN-2187 vit son ami FN-2003 se faire tuer par Poe Dameron. Avant de mourir, FN-2003 essuya son sang sur le casque de FN-2187. Cet incident a profondément affecté le Stormtrooper. Lorsque Kylo Ren ordonna de tuer les villageois, Finn refusa de faire feu. De retour au Finalizer, FN-2187 était en stress par la mission sur Jakku, et le capitaine Phasma remarqua sa détresse. Elle lui dit de soumettre son blaster pour une vérification, et elle le fit à nouveau soumettre au conditionnement. Prenant conscience de ce qu’était le Premier Ordre, il décida de déserter. Il fit libérer le pilote Poe Dameron qui avait était capturé. Les deux hommes volèrent un TIE Fighter. Au cours de l\'évasion, Poe Dameron demanda à FN-2187 son nom. À laquelle il répondit avec son matricule.\r\n\r\nTrouvant ça ridicule d\'appeler un homme par un matricule, Dameron renomma FN-2187 par Finn. Dameron lui dit aussi qu’il devait retourner sur Jakku pour récupérer le droïde BB8 qui détenait une carte, vitale pour la Résistance. Finn demanda de ne pas revenir à Jakku, insistant sur le fait qu\'ils seraient tués, mais Dameron insista sur le fait en révélant à Finn que BB8 avait la carte qui conduisait à Luke Skywalker. Le TIE fut bientôt touché par un missile, en l’envoyant en spirale vers la planète ci-dessous. Finn et Dameron furent éjectés du TIE peu de temps avant de s’écraser. Finn reprit ces esprits et courut vers le chasseur TIE. Il trouva la veste de Poe, mais aucun signe de ce dernier.\r\n\r\nPensant que Dameron était mort, il jeta son armure et mit la veste de Poe. Il arriva dans une ville la plus proche, une fois arrivé, il trouva BB8 avec Rey, une pilleuse d’épaves du désert, après avoir été témoin de son agression par des voyous. Peu après, BB8 le remarqua avec la veste de son « maître » Poe Dameron, ce qui incita la jeune femme à courir après lui. Finn tenta de la semer, mais Rey le rattrapa. Tenu sous un interrogatoire et accusé d\'avoir volé la veste de Dameron, Finn a faussement prétendu être avec la Résistance pour les amener à lui faire confiance. Le trio fut immédiatement ciblé par le Premier Ordre, à la recherche de Finn et BB8, mais ils réussirent à s’échapper de Jakku à bord du Faucon Millénium.\r\n\r\nUne fois dans l’espace, le Faucon eut besoin de réparations majeures, donc Rey et Finn tentèrent de réparer le vaisseau. Finn avoua alors à BB8 qu’il n’était pas avec la Résistance et essaya de convaincre le droïde de lui dire où se trouvait la base de la Résistance. BB8 révéla que la base de Résistance était dans le système d’Ileenium. Juste après que Rey eut terminé les réparations, le vaisseau fut pris dans un rayon tracteur. Finn crut être capturé par le Premier Ordre, et demanda Rey d’annuler ses réparations et d’inonder le Faucon avec le gaz toxique dont Rey a colmaté la fuit plus tôt, expliquant que les casques de Stormtrooper filtraient la fumée et non les toxines. Mettant des masques respiratoires, Finn, Rey et BB8, se cachèrent dans le conduit d\'entretien, mais ils furent localisés par Han Solo et Chewbacca, qui avaient récupéré leur vaisseau après que celui-ci leur avait été volé quelques années plus tôt. Lorsque Rey et Finn expliquèrent qu\'ils allaient ramener BB8 à la Résistance, car il avait une carte qui pourrait révéler l\'emplacement de Luke, Han et Chewie acceptèrent finalement de les aider.\r\n\r\nMalheureusement, le cargo de Han, l\'Eravana fut arraisonné par deux factions criminelles notoires, les gangs Guavian mort et le Kanjiklub, dont Solo était redevable. Ne voulant pas que Rey et Finn soient impliqués, Han plaça les deux amis dans les couloirs inférieurs du cargo alors que lui et Chewie allèrent rencontrer les criminels, avec BB8 qui les accompagnent. Le contrebandier essaya, sans succès, de convaincre les deux parties qu\'il arrangerait les choses par la suite. Rey libéra alors accidentellement trois rafthtars tout en essayant de séparer les gangs de trafiquants en utilisant les portes blindées. Ils réussirent à s’échapper à bord du Faucon Millénium et sautèrent dans l’hyperespace. Bala-Tik ordonna à ses hommes d\'informer le Premier Ordre que Han Solo avait l\'unité droïde avec lui.\r\n\r\nAprès une bagarre avec quelques bandes rivales de Solo, le Faucon et ses passagers prirent la destination de Takodana. À la Taverne de Maz Kanata, Finn fut invité à se joindre à la Résistance dans sa lutte contre le Premier Ordre, mais Finn préféra refusa, estimant le Premier Ordre trop puissant. Il avoua ensuite à Rey sa véritable identité en tant que Stormtrooper et déclara qu\'il ne reviendrait jamais. Après que Rey ait décliné son offre de se joindre à lui pour échapper au conflit, il lui souhaita bonne chance. Il avait prévu de partir avec le capitaine Sidon Ithano un contrebandier, mais avant qu\'il ne puisse partir, le Premier Ordre attaqua Takodana, après avoir été averti de la présence de BB8. Maz Kanata donna Finn le sabre ayant appartenu aux Jedi Anakin et Luke Skywalker, avec pour instructions de le donner à Rey.\r\nFinn mania le sabre-laser pendant la bataille, tuant au moins un Stormtrooper, et se livra à un duel avec FN-2199, qui brandit un Z6 « un bâton anti-émeute ». Il fut incapable de vaincre Nines, qui fut abattu par Han Solo. Finn, Solo et Chewbacca furent capturés, avant d’être libérés au cours d’une contre-attaque de la Résistance. Finn vit Kylo Ren emporter Rey et courut à son secours, mais ne put guère l’aider.\r\n\r\nFinn voyagea avec Solo, Chewbacca et BB8 en direction de la base de la Résistance sur D\'Qar, où il retrouva avec Poe Dameron, qui avait survécu à l\'accident sur Jakku. Finn fut présent lors de la réunion pour discuter de l’attaque sur la base Starkiller. Sa connaissance de la super arme était inestimable dans la planification de l\'attaque. Il se porta volontaire pour aller avec Solo et Chewbacca afin de détruire le générateur de bouclier sur le régulateur thermique de la planète, mais il était plus intéressé par le sauvetage de Rey. Après un atterrissage en catastrophe sur la planète, Finn révéla à Han et Chewie qu\'il travaillait sur l’assainissement de la Base, au grand dam de Solo. Finn conçut un plan pour abaisser le bouclier autour de la planète, ce qui permettrait aux pilotes de Résistance pour attaquer l\'oscillateur et de détruire l\'arme.\r\n\r\nChewbacca captura le capitaine Phasma, et le trio, y compris un Finn trop confiant, la forcèrent à abaisser le bouclier. Elle les avertit que ses troupes d’assaut les tueraient tous, mais Solo se débarrassa de Phasma, en demandant Finn s’il y avait des compacteurs de déchets dans la base dans lequel ils jetèrent Phasma.\r\nFinn, Han et Chewie finirent par trouver Rey, qui s’était échappée par elle-même. Rey et Finn allèrent fixer les explosifs sur une partie de l\'oscillateur, et à leur retour, ils assistèrent au face-à-face de Han Solo est Kylo Ren, qui se révéla être Ben Solo, le fils de Han. Après avoir vu Kylo assassiner son père, Rey et Finn tentèrent de s’échapper mais ils rencontrèrent à nouveau Kylo dans les bois.\r\n\r\nRey tenta d\'utiliser son blaster contre Kylo, mais celui-ci éjecta la jeune fille en arrière contre un arbre avec une poussée de la Force qui assomma Rey. Finn, furieux, prit le sabre laser et engagea un duel contre Kylo Ren. Finn tint brièvement bon, n’ayant pas de formation au sabre-laser, mais utilisant ses émotions dans son combat contre Kylo, parvenant même à infliger une blessure à l\'épaule de ce dernier. Mais à la fin, Finn fut désarmé et subit des blessures à l\'épaule et à travers sa colonne vertébrale. Rey reprit conscience et utilisa la Force pour récupérer le sabre-laser et vaincre Kylo Ren. Finn fut ramené par Chewbacca à bord du Faucon Millénium, avant que le Wookie ne reprennent les commandes. L’ancien Stormtrooper fut amené aux soins intensifs à la base de Résistance alors qu’il était dans le coma. Rey lui souhaita un adieu sincère, embrassant son front avant de partir retrouver Luke Skywalker.\r\n'),
(8, 'Chewbacca', 'H', 228, 'Alliance Rebelle', 'Wookie', 'Bowcaster', 'Millennium Falcon\r\nThe Eravana', 'images/Personnages/Chewbacca.jpg', NULL, 'Né approximativement 200 ans avant la Bataille de Yavin, ce colosse de plus de deux mètres surnommé affectueusement par ses ami \"Chewie\" grandit sur sa planète Kashyyyk dans une famille large incluant son père Attichitcuk, sa sœur Kallabow et ses cousins Jowdrrl, Dryanta et Shoran. Son meilleur ami était le grand chasseur Salporin. Sa jeunesse elle-même entra dans la légende. A 13 ans il passa le rite initiatique du \"Hrrtayyk\" au cours duquel il construisit sa première arbalète laser. Chewie apprit la mécanique où il excella et le pilotage et tomba également amoureux de la belle Mallatobuck, surnommée \"Malla\". A 50 ans il partit à l’aventure dans la galaxie, revenant de temps en temps voir Malla. Il croisa en particulier Qui-Gon Jinn et son padawan Obi Wan Kenobi sur Alaris Prime un peu avant la crise de Naboo, où ils repoussèrent ensemble les droides de la Fédération du Commerce. Après avoir tué au cours d’un duel le Wookie albinos Tojjevvuk, il dut quitter définitivement Kashyyyk pour échapper à la vendetta lancée par son père Turrdko. Capturé par des Trandoshans, il réussit à s’échapper en provoquant une révolte sur leur vaisseau.\r\n\r\n10 avant la Bataille de Yavin il fut capturé par les Impériaux et jura de se faire discret après être parvenu à s\'échapper. Mais lorsque 5 ans plus tard des enfants wookies furent capturés, il se rendit au point de rendez-vous prévu avec l\'Empire dans un vaisseau auquel il donna l\'apparence d\'une épave. Lorsque des esclavagistes s\'approchèrent du vaisseau inconnu, il se firent tuer jusqu\'au dernier par Chewie qui n\'hésita pas à affronter le vide de l\'espace et entra dans l\'écoutille du vaisseau esclavagiste qui était restée ouverte. Mais le Star Destroyer du commandant Nyklas arriva sur place avant que Chewie n\'ait pu évacuer les enfants Wookies. Constatant que le vaisseau des esclavagistes ne répondait pas aux appels, Nyklas ordonna au lieutenant Han Solo d\'emmener avec lui une escadrille de TIE pour neutraliser le vaisseau. La résistance fut formidable, mais les TIES réduisirent au silence les armes du vaisseau. C\'est alors que Han Solo comprit en voyant le vaisseau de Chewbacca passer en hyperespace, que les enfants n\'avaient jamais été à bord du vaisseau des esclavagistes et avaient quitté le vaisseau, flottant avec les débris pour rejoindre celui de Chewie. Celui-ci avait retenu l\'attention des Impériaux jusqu\'au dernier moment. Au moins la moitié avait survécu. Lorsque Han Solo apprit à Nyklas qu\'il y avait un Wookie survivant dans le cockpit (Chewie), Nyklas lui donna l\'ordre de le tuer, ce que refusa de faire Solo. Pour cet exploit, et pour la première fois dans l\'histoire des Wookies, Turrdko, le père de Tojjewuk, annula la vendetta contre Chewie.\r\n\r\nA nouveau prisonnier de l\'Empire, celui-ci fut transféré sur le chantier de construction d\'une nouvelle aile du Hall des Héros de Coruscant, sous la direction à nouveau de Nyklas. Han Solo s\'interposa lorsque son supérieur fouetta Chewbacca, lui permettant de s\'échapper, ce qui lui valut d\'être chassé de la Marine Impériale. Ayant contracté ce qu\'il appelait une dette de sang envers Solo, il le rejoignit rapidement et ils devinrent des partenaires puis rapidement des amis inséparables. Ils assurèrent alors de la contrebande d\'épices pour les Hutts de Nar Shaadaa après que Solo ait gagné le Faucon Millenium à Lando Calrissian. Ils se rendirent également sur Kashyyyk où Chewie épousa enfin Mallatobuck, son sauvetage des enfants Wookies ayant fait de lui un héros national: elle donna naissance à un fils, Lumpawarrump. Solo et Chewie accomplirent des records de vitesse pour aller et revenir de Kessel.\r\n\r\nAyant été obligés de larguer dans l\'espace une cargaison d\'épices de Jabba le Hutt, Chewie chercha un moyen de rembourser Jabba. Il gagna Mos Eisley sur Tatooine avec Han Solo et lui présenta Luke Skywalker et Obi Wan Kenobi avec la perspective d\'un voyage lucratif pour Alderaan. Chewie fut déçu de voir que Solo abandonnait l\'Alliance Rebelle avant la Bataille de Yavin et le persuada de faire demi-tour pour porter secours à Luke dans son attaque de l\'Etoile Noire.\r\n\r\nPeu de temps avant que l\'Alliance Rebelle s\'installe sur Hoth, il eut une mésaventure liée à Wedge Antilles qui aurait pu très mal se terminer. Au cours d\'une alerte, Wedge crut que Chewie avait terminé son travail sur son T-47 et décolla, sans s\'apercevoir que Chewie était resté accroché à la trappe d\'accès ventrale. Surpris que le premier chasseur Tie qu\'il rencontra ne lui tirât pas dessus, il demanda à Wes Janson de regarder son chasseur et apprit la vérité avec stupeur. Solo contacta Wedge et lui demanda de calquer sa vitesse sur celle d\'un autre T-47 pour que Chewie puisse s\'y réfugier en sautant sur l\'habitacle. Wedge Antilles, voyant que les autres étaient trop occupés, largua Chewie sur l\'écoutille d\'un TIE dans lequel il réussit à entrer avoir s\'être débarrassé du pilote terrifié. Chewie parvint à atterrir à la base avec le TIE de justesse et mit du temps à pardonner à Wedge.\r\n\r\nChewbacca aida à détruire le droide sonde qui avait découvert la Base Echo sur Hoth et fut torturé plus tard avec des ondes sonores dans une cellule de Bespin. Mais voir Han Solo congelé dans la Carbonite puis emmené par Boba Fett fut une torture bien pire pour lui. Sa dette de sang étant plus forte que jamais, il fit équipe avec Lando Calrissian pour retrouver la trace de Solo. Il accompagna ainsi Leia Organa déguisée en Boussh sur Coruscant, lui-même ayant pris l’identité du chasseur de primes borgne Snoova. Quand les tractations avec Xizor tournèrent mal, il aida Leia Organa à s’enfuir avec Luke Skywalker et Dash Rendar venus à leur secour.\r\n\r\nPour secourir son ami emprisonné dans le palais de Jabba le Hutt, il accepta même de porter des menottes, ce qui était un déshonneur pour lui. Il combattit sur Endor aux côtés des guerriers Ewoks et réussit à capturer un AT-ST impérial qui permit à Han Solo d\'entrer dans le bunker du bouclier.\r\n\r\nPeu de temps après Endor, il participa à la flotte de secours de Bakura contre les reptiliens Ssi-ruuk et retourna sur la planète pour la sauver contre des esclavagistes trandoshans bénéficiant de la complicité des troupes impériales présentes.\r\n\r\nPlus tard, lorsque Leia et Solo eurent des enfants, il considéra que sa dette de sang s’étendait aussi à Jaina, Jacen et Anakin Solo. Il les sauva des profondeurs de Coruscant et les libéra avec Leia de Lord Hethrir. Pendant la Crise de la Flotte Noire en 16-17AP, il retourna sur Kashyyyk assister au Hrrtayyk de son fils Lumpawarrump. Il lui reprocha sa passivité, sa négligence et sa crainte de chasser comme tous les autres avant lui le Katarn dans le Puits des Morts. Il apprit alors que Solo avait été capturé par les Yevethas et partit aussitôt à son secours, emmenant avec lui son fils à regret. Ils prirent d’assaut avec un commando wookie le vaisseau amiral Fierté de Yevetha et libérèrent Han. Il vit avec fierté son fils affronter de nombreux ennemis et considéra qu’il avait passé son Hrrtayyk. Il adopta alors un nouveau nom, Lumpawaroo… Chewie fut aussi très fier lorsque son neveu Lowbacca entra à l’Académie Jedi de Luke Skywalker en 11AP, il construisit pour lui un droide traducteur MTD, qu’il portait à sa ceinture et qui lui permettait de communiquer avec les autres étudiants.\r\n\r\nEn 25AP, au début de l’invasion des Yuuzhan Vongs,Han Solo, Anakin et Chewie firent un voyage à Sernpidal pour rendre service à Lando Calrissian, sans savoir que la planète avait déjà été condamnée par les Vongs. Ceux-ci firent tomber sur la planète un de ses satellites, Dobido, et les trois héros firent face bientôt à une mission d’évacuation d’urgence des habitants de la planète. Chewie jeta Anakin dans la soute du Faucon Millenium pour le sauver, se condamnant lui-même. Alors que Solo ne pouvait se résoudre à abandonner son ami le plus cher sur la planète en perdition, Anakin prit les commandes la mort dans l’âme, et le vaisseau quitta la planète alors que son atmosphère commençait à s’embraser.\r\n\r\nChewbacca se tenait debout quand la planète explosa et connu une mort résumant bien toute sa vie : courage, honneur et fidélité…'),
(9, 'Maz Kanata', 'F', 124, '', '', 'Blaster Pistol', '', 'images/Personnages/MazKanata.jpg', NULL, ''),
(10, 'C-3PO', 'H', 167, 'Alliance Rebelle', 'Droïde de protocole', '', ' ', 'images/Personnages/C3PO.jpg', 1, ''),
(11, 'R2-D2', 'H', 96, ' ', 'Astromech Droid', 'X-Wing Starfighter ', 'Poe Dameron\'s W-wing fighter', 'images/Personnages/R2-D2', 1, 'I) AU SERVICE D’AMIDALA\r\n\r\nIl commença sa carrière à la Maison Royale de Naboo, où les techniciens modifièrent toutes ses caractéristiques comme ce fut le cas des autres R2. Il reçut en particulier des patins magnétiques et des mini-boosters rétractables… Ceux-ci étaient sensés lui servir à se déplacer en apesanteur, mais évidemment R2-D2 fut l’un des premiers à comprendre qu’il pouvait aussi s’en servir au sol pour voler au-dessus du sol, gagnant sur Naboo une réputation de fauteur de trouble qu’il garda par la suite. Il servait dans les Forces Royales de Sécurité sous le roi Veruna, et prenait place aussi dans l’alcôve d’un chasseur N-1 de l’escadrille Bravo, pour des missions d’escorte. A l’arrivée sur le trône de la reine Amidala, il se retrouva la plupart du temps sur le Vaisseau Royal pour assurer une fonction de maintenance et de réparation.\r\n\r\nAu cours de l’évasion de la reine de Naboo en 32AV à bord de son Vaisseau Royal, R2 et 4 de ses « collègues » sortirent dans l’espace et roulèrent sur la coque du vaisseau pour réparer le générateur de bouclier mis à mal par les vaisseaux de la Fédération de Commerce. R2 fut le seul survivant et sauva le vaisseau en héros. Il accompagna la reine sur Tatooine, où il rencontra pendant de brefs instants un droide de protocole, C-3PO, bricolé par un garçon de 9 ans, Anakin Skywalker. Ils travaillèrent ensemble sur son pod et contribuèrent à lui faire gagner la course de la Boonta. Puis R2 repartit avec la reine et Anakin pour Coruscant. Pendant la bataille de Naboo, lui et Anakin volèrent ensemble sur un N-1 et accomplirent l’exploit de détruire le vaisseau amiral de la Fédération de l’intérieur avec des torpilles au proton.\r\n\r\nIl resta au service de Padmé Amidala les 10 années suivantes et l’accompagna à Tatooine en 22AV, où il retrouva C-3PO. Ils la suivirent sur Geonosis et à cause de sa témérité coutumière, mit en danger son partenaire qui fut démembré et vit son corps et sa tête attribués à deux droides de combat dans une chaîne de fabrication de droides. R2 se servit par la suite de ses boosters pour sauver de justesse Padmé qui risquait d’être engloutie sous du métal en fusion dans un creuset. Dans l’Arène, il récupéra les morceaux de C-3PO et redonna vie à son partenaire, avant d’assister avec lui au mariage secret de Padmé et d’Anakin sur Naboo.\r\n\r\nPendant la Guerre des Clones, il resta avec C-3PO auprès de Padmé et la suivit dans toutes ses aventures. Malheureusement, ses maîtres suivants effacèrent sa mémoire et il perdit tout souvenir de toutes ces années…\r\n\r\nII) UNE MULTITUDE DE PROPRIETAIRES\r\nMais il resta toujours associé à C-3PO au fil de nombreuses ventes et de changements de propriétaires. Ils lui ôtèrent son système de propulsion par boosters et lui ajoutèrent un rayon laser et un système de propulsion sous-marin. L\'un de ses maîtres lui apprit à jouer aux échecs dejarik.\r\nLes deux droides devinrent la propriété de l’Ambassadeur Zell de Majoor puis celle d’un trafiquant de glitterstim qui les abandonna sur Ingo, où ils furent retrouvés par deux jeunes humains, Jord Dusat et Thall Joben. Il les entraînèrent dans des aventures contre la famille de criminels Fromm, et participèrent sur Boonta à une course de speeder contre Boba Fett. Ils pensaient rester auprès de la monarchie Tammuz-an, mais leur nouveau maître Jann Tosh les abandonna sur Manda avant de s’engager à l’Académie Impériale. Ils trouvèrent alors un emploi dans un hôtel local mais rencontrèrent sur Bittu un immense droide appelé Great Heep. Mungo Baobab, riche héritier d’un dynastie de marchands, supprima Heep et ramena les droides avec lui sur Roon où ils découvrirent que leur maître avait mis la main sur une ancienne version très précoce d’un poème. Mais ils n’eurent pas de chance et furent vendus par erreur à un trafiquant. Ils furent alors acheté par le gouverneur Wena de Kalarba, et transféré sur son luxueux vaisseau. Mais celui-ci dut les vendre quand on s’aperçut que son enrichissement était suspect. Ils passèrent alors chez la riche famille Pitareeze. Ils accompagnèrent par la suite un droide policier, Unité Z, dans une mission sur Nar Shaddaa. C-3PO et R2-D2 furent ensuite la propriété d’un botaniste Ithorien, Zorneth, et de Harthan, diplomate travaillant pour l’Hégémonie de Tion.\r\n\r\nIII) HEROS DE L’ALLIANCE\r\nIls finirent par appartenir à la Maison Royale d\'Alderaan où ils furent placés au service de la princesse Leia. R2 était capable de déverrouiller n\'importe quelle serrure et pouvait accomplir des miracles sur un vaisseau. Il renfermait dans son petit corps tonnelé quantité de dispositifs secrets et utiles. Sur le point d\'être capturée par Vader, celle-ci entra dans sa mémoire les plans de la nouvelle Death Star et lui ordonna de trouver Obi-Wan Kenobi sur Tatooine toute proche. Les deux droides furent achetés par Owen Lars, \"oncle\" de Luke Skywalker qu\'ils suivirent jusqu\'à la base rebelle de Yavin 4 après avoir contribué à sauver la princesse Leia prisonnière sur la Death Star (R2 trouva la cellule de la princesse et bloqua un broyeur qui menaçait d\'écraser Luke et ses compagnons). Grâce aux plans cachés par Leia, le général Dodonna put lancer une attaque désespérée mais victorieuse contre la Death Star. A cette occasion il fit pour la première fois équipe avec Luke comme astromech. Il fut presque détruit par les tirs de Vader et dut subir de lourdes réparations. Il devint ainsi son astromecano attitré.\r\n\r\nAprès la bataille de Hoth il suivit Luke sur la planète marécageuse Dagobah et quitta donc pour un temps C-3PO et le retrouva lorsque Luke et ses amis quittèrent en catastrophe Bespin. Lorsque l’Aliance établit une nouvelle base sur la planète forestière Arbra, lui et C-3PO empêchèrent la flotte rebelle de brûler dans le soleil d’Arbra et furent volontaires pour une mission sur le « monde des droides » de la Lune de Kligson. Lorsque Leia se rendit sur Coruscant pour négocier avec Xizor, R2 et C-3PO durent piloter seuls le Faucon pour sauver leurs maîtres.\r\n\r\nLuke se servit de lui pour monter un plan afin de libérer Han Solo de Jabba. Il fut soit-disant \"offert\" à Jabba avec C-3PO et fut transformé en bar ambulant. Il emportait en fait en cachette le nouveau sabre de Luke qu\'il lui lança au moment où celui-ci allait être précipité dans le Sarlaac. Au cours de la bataille d\'Endor il reçut de plein fouet un tir de laser en essayant d\'ouvrir le bunker de commandement, mais fut remis en état par la suite.\r\n\r\nIV) HEROS DE LA NOUVELLE REPUBLIQUE\r\n\r\nPar la suite il resta en permanence auprès de Luke et devint si familier avec son X-wing qui en augmenta très nettement les performances. Lorsque en 10AP Luke devint prisonner de l’Empereur Palpatine sur Byss, il chargea en secret les codes de commande de Dévastateurs de Monde dans R2 et lorsque celui-ci retourna à Mon Calamari, il permit grâce à cette information à la Nouvelle République de remporter une grande victoire. Il resta avec Luke lorsqu’il fonda son Académie Jedi de Yavin 4 et vit rarement C-3PO, sauf lorsqu’il partit enquêter avec lui sur la « Nouvelle Rébellion » d’Almania en 17AP. Ils découvrirent sur la lune-usine de Telti un complot visant à pièger les droides vendus à la galaxie entière. R2 intercepta de justesse le signal de détonation et sauva la vie de millions de personnes. Il retourna ensuite à l’Académie Jedi et accompagna en 19AP Luke sur Nirauan pour sauver Mara Jade. Il infiltra la Main de Thrawn et téléchargea une copie du Document de Caamas établissant la responsabilité de Bothans dans un massacre.\r\n\r\nLorsque Chewbacca mourut en 25AP sur Sernpidal au début de l’invasion des Yuuzhan Vongs, il se chargea avec C-3PO de rassembler les témoignages de tous ceux qui l’avaient connu et ressentit une profonde émotion.\r\n\r\nLui et R2 sont devenus pour leurs maîtres des membres de la famille et pour rien au monde ils n’effaceront leur mémoire ou les vendront…');
INSERT INTO `People` (`id`, `nom`, `sexe`, `taille`, `affiliations`, `espece`, `armes`, `vehicules`, `picture`, `homeworld`, `description`) VALUES
(12, 'Darth Vader', 'H', 203, 'Empire Galactique\r\nSith', 'Humain', ' Darth Vader\'s Lightsaber', 'Darth Vader\'s TIE Fighter', 'images/Personnages/vader.jpg', 18, 'Il ignora longtemps que sa femme Padme Amidala lui avait donné deux jumeaux, Luke et Leïa. Le premier avait été confié par Obi Wan Kenobi à la famille Lars de Tatooine, et la seconde devint une princesse de la maison Organa d\'Alderaan.\r\nBras droit indéfectible de l\'Empereur, il commit un nombre\r\nincalculable d\'atrocités et devint avec son costume et son sabre-laser rouge un symbole de la terreur voulue par Palpatine.\r\n\r\nVader était capable de tuer d\'un simple geste et maîtrisait parfaitement le Côté Obscur de la Force.\r\nPalpatine lui fit construire un certain nombre de résidences privées sur plusieurs planètes, la plus célèbre étant la forteresse de Bast sur la planète Vijun. Il pouvait s\'y retirer dans une chambre de méditation isolée et retirer son casque.\r\nL\'Empereur le chargea de traquer et d\'exterminer les Jedi, mais Obi Wan Kenobi et Yoda lui échappèrent.\r\n\r\nIl réussit à rallier les terribles Noghris de Honoghr à la cause impériale, en provoquant une catastrophe écologique sur la planète, pour se présenter ensuite comme leur sauveur en leur envoyant des droids agricoles qui en fait rendaient la terre stérile. Les Noghris devinrent les commandos les plus dangereux de l\'Empire.\r\n\r\nSur Falleen, à la suite d\'une erreur, des scientifiques répandirent sur la planète un agent bactériologique très puissant, et Vader ordonna l\'élimination de 200000 Falleens, se faisant ainsi un ennemi mortel du prince Xizor, chef de l\'organisation criminelle du Soleil Noir.\r\n\r\nQuelque temps après la Purge des Jedi ordonnée par Palpatine, vers 5 av. Yavin, Darth Vader reçut la mission d\'éliminer l\'un des derniers Jedi survivants, la Femme Sombre, découverte par Mara Jade, la Main de l\'Empereur. Elle avait été localisée sur la 5ème planète du Système Cophrigin dans la Bordure Extérieure. Il n\'eut aucun mal à retrouver le Maître Jedi sur la planète, car celle-ci ne chercha pas à s\'enfuir. Elle osa lui tourner le dos pour lui dire qu\'il était toujours possible de revenir du Côté Obscur si on le voulait vraiment. Elle bloqua sans problème son attaque traîtresse malgré de nombreuses années sans avoir livré de combat. Elle se montra son égal et réussit à dévier les projectiles qu\'il lui envoyait, avant de le bloquer dans des lianes épineuses qu\'elle avait fait surgir du sol avec la Force. Elle parvint même à lui retirer son sabre laser. Malheureusement celui-ci se montra en définitive supérieur et l\'écrasa sous un tronc d\'arbre tranché avec son sabre. Il n\'hésita pas à l\'achever. Elle réapparut après sa mort sous une apparence spectrale et lui prédit qu\'Anakin Skywalker réussirait à se libérer du Côté Obscur.\r\n\r\nUn peu plus tard, en 5 av. Yavin, Han Solo déserta la Marine Impériale et échappa à toutes les poursuites. Excédé, le Grand Moff Wilhuff Tarkin qui venait de créer l\'Etoile Noire, s\'était décidé à louer les services de Boba Fett pour régler le problème. Darth Vader entra dans la chasse, jugeant que l\'Empire devait régler seul ses problèmes. Fett découvrit sur une colonie minière du système de Hoth qu\'un pilote de TIE s\'était écrasé sur la planète et avait été soigné par une guérisseuse, avant de prendre place il y a une semaine dans un cargo à destination de Tatooine. Quelques heures plus tard Vader gagna aussi la colonie minière et glana les mêmes renseignements, avant de massacrer tout le monde.\r\nSur Tatooine, Fett découvrit rapidement le tripot où se trouvait Solo et plaça quelques mines devant l\'entrée de service, avant d\'entrer dans la taverne. Han Solo était effectivement là en compagnie de deux jolies femmes. Vader fit alors son entrée en brisant la porte. Fett et Vader s\'affrontèrent, ce qui permit à Solo de s\'enfuir par l\'entrée de service: il tomba sur les mines qui créèrent un champ de stases paralysants.\r\nVader réussit à vaincre Boba Fett, mais celui-ci, au moment d\'être achevé, sortit un sabrelaser vert et bloqua l\'attaque de Vader. Il s\'avéra capable de lutter efficacement contre Vader avant que celui-ci ne lui fasse perdre son sabre, qui libéra par hasard Solo en brisant une des mines. Vader et Fett se séparèrent, et Han Solo réussit à s\'enfuir à bord d\'un A-Wing. Celui-ci se cacha des senseurs du Star Destroyer en orbite en s\'amarrant sur le pont principal. Il n\'eut plus qu\'à se laisser dériver avec les ordures que le vaisseau rejeta avant d\'entrer en hyperespace.\r\n\r\nAyant appris que les Rebelles s\'étaient emparés des plans de l\'Etoile Noire, Vader fut chargé par l\'Empereur d\'intercepter un transfert sur la sinistre planète Kalakar 6 de la Bordure Extérieure. Il était attendu par un Trio de personnages mystérieux tout en noir. Tous les Stormtroopers se firent exterminer par les personnages mystérieux armés de sabrelasers rouges. Darth Vader sentit que la forteresse était imprégnée du Côté Obscur. Vader comprit que les plans n\'avaient jamais été ici et qu\'on lui avait tendu un piège. Le Trio le considérait indigne d\'être un Dark Lord of the Sith car il restait encore de la lumière en lui, des souvenirs de son passé de Jedi lorsqu\'il s\'appelait Anakin Skywalker. N\'étant pas de la lignée de Darth Bane, il ne méritait pas de servir l\'Empereur. Alors qu\'il s\'apprêtait à les tuer, son sabre croisa celui de Darth Maul ! Il avait été ressuscité par le Trio pour prendre la place de Vader auprès de l\'Empereur, car il était constitué de haine pure, sans souillure. Ils ne pouvaient accepter que l\'apprenti de celui qui tua Darth Maul soit le bras droit de l\'Empereur. Le risque qu\'il présentait pour le Coté Obscur était trop fort. Un duel terrifiant eut lieu entre les deux guerriers, chacun se traitant d\'imposteur et prouvant leur maîtrise du Côté Obscur. Le combat gagna encore plus en intensité au-dessus d\'une rivière de lave où le danger était permanent. Maul parvint à toucher Vader au flanc, mais celui-ci coupa en deux son double sabrelaser. Mais Maul était tout aussi bon avec un sabre dans chaque main et toucha Vader à la tête. Lorsque Maul s\'approcha pour l\'achever, Darth Vader retrouva son sabre et éventra Darth Maul par surprise. Alors qu\'il s\'apprêtait à affronter le Trio, Palpatine fit son apparition et les tua en lançant la Foudre Sith sur eux. Vader avait prouvé qu\'il était l\'apprenti idéal pour l\'Empereur...\r\n\r\nIl rencontra peu de temps avant la Bataille de Yavin la princesse Leia Organa sur Ralltiir et sentit très bien que ses intentions étaient moins claires qu\' elle ne le prétendait: elle livrait en fait du matériel aux Rebelles sur place et apprit l\'existence de l\'Etoile Noire. Mais Vader n\'eut pas assez de preuves pour l\'arrêter.\r\n\r\nPeu de temps après il captura la princesse Leia sur son vaisseau consulaire Tantive IV grâce à son star destroyer Devastator au-dessus de Tatooine et la fit torturer pour lui faire avouer en vain l\'emplacement du QG de l\'Alliance Rebelle et surtout où elle avait caché les plans de l\'Etoile Noire qu\'elle avait interceptés.\r\nIl affronta son ancien Maître Obi Wan Kenobi sur l\'Etoile Noire et le tua. Il manqua par la suite de descendre Luke Skywalker au dessus de la tranchée de la base stellaire lors de la Bataille de Yavin et sentit que cet inconnu était sensible à la Force. Lui même gagna avec grand mal dans son TIE Advanced X1 très endommagé la planète Vaal où il trouva dans un avant-poste impérial une navette qui lui permi de regagner Coruscant.\r\n\r\nAyant découvert que Luke Skywalker avait détruit l\'Etoile Noire et après l\'avoir rencontré sur Jazbina sans pouvoir cependant le capturer, il le retrouva peu de temps après sur le chantier naval de Fondor où il supervisait la construction du tout nouveau super star destroyer, mais il lui échappa à nouveau. Il avait cependant apprit que son adversaire était un Jedi, élève d\'Obi Wan Kenobi. Quand son super star destroyer, l\'Executor, fut lancé 6 mois après Yavin, il tenta d\'empêcher les Rebelles d\'évacuer Yavin 4 et de capturer Luke. La base de Yavin 4 fut rasée, mais les Rebelles purent évacuer à cause de l\'incompétence de son officier supérieur, l\'amiral Griff.\r\n\r\nPar la suite il soutint personnellement le projet Dark Trooper de l\'amiral Mohc, mais un ancien commando impérial rénégat, Kyle Katarn, mit fin au projet.\r\n\r\nDeux ans plus tard, il rencontra à nouveau Luke Skywalker, avec la princesse Leia Organa, sur le monde de Mimban célèbre pour son Cristal de Kaiburr qui augmentait la sensibilité à la Force. Il affronta d\'abord Leia au sabre laser, qu\'il vainquit sans difficulté. Puis Luke entra dans le combat et fit preuve d\'une puissance inattendue en résistant à sa Foudre Sith et en lui tranchant le bras droit (il avait en fait été un moment été possédé par l\'esprit de Kenobi). Vader trébucha sur son bras gauche mécanique tombé à terre et tomba dans un trou sans fin.\r\n\r\nPeu de temps avant la bataille de Hoth, il fit appel au Grand Amiral Thrawn pour mettre fin aux trafics du Soleil Noir sur Corellia, et lui donna en échange accès aux commandos Noghri. Il remporta également grâce à Thrawn une victoire décisive à Derra IV.\r\nIl chercha ensuite à localiser Luke par tous les moyens car il avait compris qu\'il s\'agissait de son fils. Il obtint de l\'Empereur qu\'il le laisse le capturer pour le convertir au Côté Obscur de la Force; celui-ci lui confia même officiellellement le tout nouveau Super Star Destroyer Executor. Ce vaisseau fut le fleuron d\'une nouvelle flotte appelée Escadron de la Mort.\r\n\r\nAprès la destruction de la Base Echo de Hoth en 3 ap. Yavin, il convoqua les pires chasseurs de primes de la galaxie, dont Boba Fett, pour retrouver la trace du Faucon Millenium. Il reçut en particulier la visite du mystérieux chasseur de primes Awarru Tark. Celui-ci en fait était venu pour le tuer. Il s\'agissait en réalité de Stauz Czycz. Son monde avait été ravagé sur l\'ordre de Palpatine, qui voulait faire un exemple. Stauz s\'était fait implanter des prothèses bioniques mortelles pour se venger. Vader eut beaucoup de mal à le vaincre, car sa rage était totale. Son armure fut d\'ailleurs sévèrement endommagée. C\'est alors que Vader reçut des nouvelles de Bespin: Fett avait suivi le Faucon sur Bespin et retrouvé la trace de Han Solo. Vader attira Luke sur la Cité des Nuages après avoir livré Han Solo, congelé dans la carbonite, à Boba Fett. Il retrouva à cette occasion C-3PO réduit en pièces par un tir de Stormtroopers. Après avoir reconnu le droide qu\'il avait construit à 9 ans alors qu\'il s\'appelait encore Anakin, il donna l\'ordre de le détruire. Après avoir capturé Solo et Leïa, il découvrit que Chewbacca avait arraché C-3PO aux Ugnaughts et ordonna que l\'on ramène le droide dans la cellule de Chewie.\r\nIl tortura Solo sans rien lui demander, simplement pour attirer Luke au secours de ses amis. Il affronta alors Luke au sabrelaser. Il lui trancha la main et lui révéla qu\'il était son père et lui proposa de renverser l\'Empereur et de régner ensemble sur la galaxie. Luke refusa et préféra se laisser tomber dans le vide.\r\n\r\nDarth Vader retrouva plus tard le sabre de son fils, qui avait été le sien auparavant, ainsi que sa main, que l\'Empereur plaça dans sa Chambre des Trophées sur Wayland.\r\n\r\nPuis il affronta son ennemi de toujours, le prince Xizor, qui voulait assassiner son fils Luke Skywalker pour se venger de ce que Darth Vader avait fait aux Falleens. Vader ne pouvait évidemement pas accepter que quelqu\'un l\'empêche de retrouver son fils pour le convertir au Côté Obscur, et punit Xizor en faisant exploser sa forteresse spatiale au-dessus de Coruscant, tuant le chef du Soleil Noir du même coup.\r\n\r\nVader fut chargé en 4 ap. Yavin de superviser la construction de la seconde Etoile Noire au dessus d\'Endor.\r\nIl sentit que son fils était avec le commando rebelle infiltré sur Endor et le livra à l\'Empereur sur la base stellaire quand celui-ci se rendit aux forces impériales.\r\n\r\nLorsque l\'Empereur Palpatine lança ses éclairs contre Luke, Vader le souleva en puisant dans ses dernières forces et le précipita dans un puit. Il redevint Anakin Skywalker et apporta l\'équilibre dans la Force en confirmant qu\'il était bien l\'Elu de la prophétie. Comprenant que tout était fini pour lui, il demanda à Luke de lui enlever son masque pour pouvoir enfin voir son fils avec ses propres yeux. Puis il mourut et rejoignit la Force grâce à Luke qui avait réussi à le faire revenir du Côté Lumineux de la Force. Il réapparut à son fils sur Endor avec Yoda et Obi Wan Kenobi après que Luke ait embrasé son bûcher funéraire.'),
(13, 'Owen Lars', 'H', 178, ' ', 'Humain', ' Blaster Rifle', 'Landspeeder ', 'images/Personnages/Owen_Lars.png\r\n', 1, 'Owen est né sur la planète Ator, mais il voyagea jusqu\'à Tatooine après la mort de sa mère, Akia Lars. C\'est sur cette planète que son père épousa une esclave du nom de Shmi Skywalker. Ce mariage rendit Owen et Anakin Skywalker demi-frères. Owen entendit parler de lui, mais savait qu\'il ne pourrait jamais le voir puisqu\'il s\'entraînait pour devenir Chevalier Jedi. Owen était assez beau garçon, un trait qui enflamma le cœur de Beru Whitesun.\r\n\r\nLorsque Anakin retourna sur Tatooine pour retrouver Shmi, Owen et son père lui ont expliqué sa disparition. Il avait tenté en vain avec son père de la retrouver grace à un assaut qui s\'avéra un immense échec. Anakin fut capable de la retrouver, mais elle s\'éteignit avant qu\'il ait pu rejoindre les Lars. Owen fut triste car Shmi l\'aimait presque autant que son père.\r\n\r\nTrois ans plus tard, lorsque l\'Empire naquit et que les Jedi disparurent, Obi Wan Kenobi confia à Owen Luke, le petit fils de Shmi. Il l\'éleva comme son fils et fit tout pour qu\'il ne devienne pas comme son père. Il l\'empéchait donc de voir Obi Wan en pretextant que ce dernier était fou.\r\n\r\nOwen ne savait pourtant pas que le jour où il acheta à des jawas deux droids nommés C3PO et R2D2 allait le mener à sa perte. En effet l\'Empire étant à leur recherche, une patrouille de Sandtrooper remonta la piste jusqu\'à la ferme des Lars. Ces derniers tuèrent Owen et sa femme Beru en les carbonisant. Lorsqu\'il retrouva leurs cadavres, Luke se jura de les venger en suivant Obi Wan Kenobi.'),
(14, 'Obi-Wan Kenobi', 'H', 182, ' Ordre Jedi', 'Humain', ' Lightsaber\r\nObi-Wan Kenobi\'s Lightsabers', 'Jedi Starfighter', 'images/Personnages/obiwan.jpg', 16, 'L’Enfance d’Obi Wan Kenobi fut très mouvementée. Dès son plus jeune âge il fut enlevé à sa famille pour rejoindre la nurserie du Temple Jedi. Il se lia d’amitié avec plusieurs jeunes padawan mais eut du mal à se trouver un maître l’heure venue. Il demanda au maître jedi Qui-Gon Jinn mais ce dernier refusa du fait que son ancien padawan, Xanatos, est tombé dans le Côté Obscur de la Force. Lors d’une mission Obi Wan sauva Qui-Gon de la mort mais ce dernier refusait toujours d’être son maître. Heureusement au fil du temps Qui Gon céda et accepta Obi Wan. Les deux Jedi partirent sur de nombreuses planètes pour régler divers conflit, durant cette période il rencontrèrent Xanatos à plusieurs reprises et finirent par le vaincre.\r\n\r\nAprès 12 ans de collaboration, l’apprenti a bien mûri ! Laissant son côté intrépide et exubérant, il privilégie la modération dans son approche de la Force et de sa vie. Il en vient même à parfois calmer l’impulsivité de son maître. Mais sa nouvelle personnalité plus fondée sur la Force unifiante, idée exposé par maître Yoda, le sépare des idées de Qui-Gon basé sur la Force vivante, c’est-à-dire : vivre dans l’instant. Et aujourd’hui, notre ami est sur le point de devenir un chevalier Jedi.\r\n\r\nC’est alors, qu’une nouvelle mission va faire prendre conscience à Kenobi qu’il est arrivé à un point crucial de sa vie mais aussi que cet événement va bouleverser toute la galaxie. En effet, la fédération du commerce est à l’origine d’un blocus sur la planète Naboo, où nos 2 héros jouent le rôle d’ambassadeurs. Mais les événements se précipitent et ils ne doivent leur salut qu’à leur formation dans la Force. Dans leur fuite, ils font la connaissance de Jar Jar Binks, un gungan et avec son aide, ils arrivent juste à temps pour sauver la reine Padmé Amidala de Naboo. Prenant son envol à bord de la Nef Royal, ils mettent le cap vers Coruscant. Alors que la bataille fait rage, le vaisseau est sauvé par R2-D2 un petit astrodroïde. Mais, malheureusement, des réparations d’urgences devant être effectuées, ils doivent se poser sur Tatooine.\r\n\r\nObi Wan s’impatiente dans le vaisseau, tandis que son maître, en compagnie de Padmé, une des suivantes de la Reine, partent pour Mos Espa en quête d’un hyperdrive pour remplacer le défectueux. Les communications avec Qui-Gon, intriguent Kenobi car il semble que son mentor prend des risques superflus. En effet, il joue aux jeux la Nef Royal mettant sa confiance dans un jeune esclave nommé Anakin Skywalker qui doit concourir dans une course très dangereuse de Podracers . La Force étant de leur côté, Anakin remporte la victoire, sa liberté et un nouveau hyperdrive DC-14. Alors que Jinn et son jeune protégé retournent vers le vaisseau, un sith, Darth Maul, l’attaque. Heureusement, ils arrivent à s’échapper et à atteindre leur destination.\r\n\r\nN’ayant plus aucun espoir dans le sénat, la reine Padmé Amidala veut reconquérir sa planète ! Accompagné de ses nouveaux amis Jedi et de l’enfant, elle y retourne. Le stratagème intelligent d’Amidala, en dévoilant qu’elle est Padmé convainc le peuple gungan d’être son armée. Amidala vient à bout des comploteurs et permit la libération de Naboo. Mais rien n’aura pu être possible si Qui-Gon Jinn et Obi Wan Kenobi ne s’étaient occupés de Darth Maul. En effet, celui-ci, les entraîna dans un combat machiavélique. Le cruel Sith blessa mortellement Qui-Gon. Obi Wan réchappa de justesse au même sort et seul la maîtrise de la Force lui permit de vaincre le monstre et de se venger ainsi son cher ami.\r\n\r\nLes derniers mots de son bien-aimé Maître furent de prendre Anakin Skywalker comme Padawan, ce qu’il promit. Ce serment allait sceller son avenir et celui de la galaxie! Et voilà Kenobi devient le maître d’Anakin.\r\n\r\nObi Wan Kenobi est maintenant âgée de 35 ans, il essaye depuis 10 ans d’enseigner son Padawan Anakin Skywalker du mieux qu’il peut, et ce n’est pas chose facile ! Bien que Kenobi soit devenu plus sage, plus responsable, il doit reconnaître que son apprenti est plus que doué, et il lui a déjà sauvé la vie plus que ce qu’il ne veux l’avouer. Le maître et l’élève deviennent une équipe particulière mais efficace.Le chancelier suprême Palpatine leur confie la mission de veiller sur la vie de la sénatrice Padmé Amidala. Très vite, Anakin veut faire plus que la protéger, il veut trouver qui et pourquoi on veut tuer la femme qu’il aime depuis ses 9 ans. Obi Wan fait preuve de patience et met en garde son apprenti, il lui conseille de maîtriser ses sentiments. Mais, après une tentative de meurtre sur la sénatrice, le maître et le padawan trouvent des preuves que le commanditaire du complot serait sur Kamino. Le conseil décide alors contre l’avis d’Obi Wan de confier la protection d’Amidala à Anakin, et il envoie Kenobi remonter la piste du complot. Avant de parti Obi Wan fait part à Yoda et à Mace Windu qu’il craint que l’élu ne soit pas près pour cette mission. Mais les deux sages lui font bien comprendre qu’il ne doit pas s’inquiéter. Kenobi beaucoup moins rebelle que Qui-Gon, se soumet à leurs décisions et part déjouer le complot.\r\n\r\nDe Kamino, son enquête le mène sur Geonosis. Là, Obi Wan découvre la création d’une gigantesque armée de clones destinée à la République, et ne découvre que trop tard que le projet de guerre des Séparatistes est mené par le comte Dooku. Il est fait prisonnier après avoir envoyé un message à Anakin et qui le transmet aussitôt au conseil. Après être rejoint par son Padawan et la sénatrice, ils se libèrent et combattent ces Séparatistes. Heureusement, les autres Jedi de la galaxie viennent à leur aide avec cette fameuse armée de clones.\r\n\r\nLors de la Guerre des Clones Obi Wan Kenobi partira sur Muunilinst pour arrêter le banquier San Hill. IL rencontrera le chasseur de primes Durge et le tuera aux bout de plusieurs rencontres. Suite à cela il fera équipe avec le ARC trooper Alpha et combattera la Jedi Noire Asajj Ventress.\r\n\r\nLa Guerre des Clones prend fin avec l’anéantissement quasi-total de tous les Jedi. Le chancelier suprême Palpatine s’autoproclame Empereur et dissout ainsi la République. Un des rares survivants, Obi Wan se voit entraîné dans un éprouvant combat contre Anakin, sous l’influence de la force obscure, et avant que l’un des deux gagne Anakin tombe dans la lave. Obi Wan décide de cacher au sith l’existence des jumeaux d’Anakin Skywalker. C’était plus que judicieux car Anakin est devenu Darth Vader, l’homme exécuteur des projets de l’empereur. Kenobi, sous le nom de Ben, va sur Tatooine confier Luke, l’un des enfants, chez Owen Lars et Beru Whitesun . Et y reste afin de veiller sur lui. L’autre enfant et confié à Bail Organa.\r\n\r\nDevenu un ermite sur Tatooine, Obi Wan Kenobi est un nom oublié, les habitant de cette planète l’appelle le vieux Ben ! Il vit seul assez près des homme des sables mais pourtant il surveille à ce que l’enfant confié au Lars ne soit pas inquiété par l’Empire.\r\n\r\nMais un jour, deux droïdes, C-3PO et R2D2, sont achetés par Owen Lars et le plus petit des deux s’échappe. Cet astrodroïde file rejoindre Ben. Luke le retrouve, et cet alors que R2-D2 libère sont message ; C’est la Princesse Leia Organa qui supplie le général Obi Wan Kenobi de conduire ce petit robot sur Alderaan afin de décrypter les plans de l’Etoile Noire, une base stellaire capable de détruire une planète entière ! Kenobi se rend compte qu’il est temps pour Luke Skywalker d’apprendre la Force et c’est pourquoi, après que l’Empire, sur les traces des robots aie assassiné les Lars, ils payent les services de Han Solo et son copilote Chewbacca, un Wookie, qui les conduira sur cette planète.\r\n\r\nÀ bord du Faucon Millenium, Luke apprend la Force avec Kenobi. Peu avant d’arriver à destination, Obi Wan ressent une grande douleur. Une fois sorti de l’hyperespace, le Faucon se retrouve dans un champ d’astéroïde, tout ce qu’il reste d’Alderaan, pulvérisée par l’Etoile Noire. Ils n’ont d’autres choix que de pénétrer dans cette base. Là, Ben se charge de désactiver le champ d’attraction de l’Etoile Noire, tandis que Luke Han et Chewbacca se chargent de secourir la princesse qui se trouve dans les prisons et condamnée à mort. Une fois le champ d’attraction coupé, Kenobi sent la présence de son ex-padawan, il doit finir un combat interrompu il y a près de vingt ans. Ce combat permet également à ce que Darth Vader ne perçoive pas la présence de Luke !\r\n\r\nLe Jeune Luke Skywalker et son petit groupe parviennent à libérer Leia, et sont sur le point de remonter à bord du Faucon. Mais, Obi Wan ressent que ce petit groupe aura du mal à s’enfuir et donc il laisse Darth Vader le tuer, ce qui lui permet d’entrer pleinement dans la Force ! Le Faucon s’échappe, rejoint la résistance sur Yavin IV, décrypte les plans juste à temps pour empêcher l’Etoile Noire de les anéantir et c’est grâce à Luke, que Kenobi protège à travers la Force que cette base explose, donnant une victoire décisive à la rébellion !\r\n\r\nSur Hoth, Obi Wan sous forme d’esprit, demande à Luke d’aller sur Dagobah, afin que Maître Yoda termine sa formation dans la Force. Luke suit ses conseils et va achever sa formation. Mais pendant celle-ci, il a une vision : Leia Organa et Han Solo sont en grand danger. Skywalker ignore les recommandations de Yoda et d’Obi Wan Kenobi et va sur Bespin. Là-bas, Kenobi ne peut rien faire pour aider Luke. Mais heureusement il s’en sort.\r\n\r\nUne fois que Luke Skywalker a réussi à libérer Han Solo de Jabba le Hutt, il retourne sur Dagobah pour finir sa formation. Darth Vader lui avait apprit qu’il était son père. Luke demande confirmation à Yoda avant qu’il ne meurt et rejoint ainsi la Force. Kenobi, toujours en esprit explique à Luke pourquoi il ne lui avait pas dit que Vader était Anakin Skywalker et il apprend à Luke qu’il a une sœur jumelle, Leia Organa ! Kenobi lui explique aussi qu’il doit affronter Darth Vader. Luke retourne au cœur de la résistance, il accompagne ses amis en mission sur Endor pour faire exploser une seconde Etoile Noire. Mais très vite Luke Skywalker va affronter son père et l’Empereur Palpatine. Pour sauver son fils, Vader redevient Anakin et tue l’Empereur, puis il meurt. C’est comme cela que la Force est rétablie et qu’Anakin, Yoda et Obi Wan, unis dans la Force viennent rendre hommage à Luke Skywalker à la fête de la victoire de l’Alliance Rebelle!'),
(15, 'Anakin Skywalker', 'H', 188, 'Ordre Jedi', 'Humain', 'Lightsaber\r\nSkywalker lightsaber', 'Delta-7 Jedi Starfighter', 'images/Personnages/anakin.jpg', 1, 'La Force était exceptionnellement forte en Anakin Skywalker et son histoire est en fait celle de la lutte de tout Jedi entre le côté clair et le côté obscur de la Force.\r\nQuand Qui-Gon Jinn et Obi-Wan Kenobi le découvrirent sur Tatooine à Mos Espa, c\'était un esclave de Watto comme sa mère Shmi Skywalker, et il avait à ce moment-là 9 ans. Il avait été acheté avec sa mère par Gardulla la Hutt qui avait du les céder à Watto à la suite d’un pari. Anakin était un mécanicien de génie et un pilote hors pair car la Force lui donnait des réflexes surhumains, ce qui lui permettait de voir les événements avant qu\'ils n\'arrivent. Ainsi, il avait conçu de toutes pièces un droïde de protocole, C-3PO.\r\nSon origine est mystérieuse car il est né sans père et possédait un taux exceptionnel de 20000 midi-chloriens, taux qui était supérieur à celui de Yoda ! Il tomba amoureux de Padmé Naberrie, alias la Reine Padmé Amidala, dès qu\'il la vit. Il remporta la course de la Boonta sur un pod (petit module de course) qu\'il avait conçu lui même.\r\n\r\nAnakin passa ensuite devant le Conseil Jedi de Coruscant à l\'initiative de Qui-Gon qui pensait que cet enfant était l\'Elu : celui qui, selon une ancienne prophétie, apporterait l\'équilibre dans la Force. Le Conseil refusa qu\'Anakin devienne apprenti car il sentit d’une part que l\'avenir de ce garçon était chargé de ténèbres et d’autre part qu’il était trop âgé pour suivre l’enseignement Jedi. Revenu sur Naboo, Anakin pilota un Naboo Fighter et détruisit le vaisseau amiral droïde au dessus de Naboo. Il devint alors le padawan d\'Obi-Wan, promu Chevalier après la mort de son maître Qui-Gon Jinn et reçut les félicitations de Palpatine.\r\n\r\nCeux qui enseignèrent à Anakin dans le Temple trouvèrent tous qu\'il faisait preuve d\'une puissance exceptionnelle mais qu’il incarnait aussi le déséquilibre. Anakin devint un padawan surdoué. N\'ayant jamais eu de père, il avait intensément besoin d\'un mentor incarné par Obi-Wan Kenobi.\r\n\r\n2 ans après la bataille de Naboo, Obi-Wan et Anakin furent envoyés par le Conseil Jedi sur la planète Zonama Sekot après avoir reçu un message de détresse de la jeune Jedi Vergere. Anakin comprit alors que la planète entière était une planète vivante exploitée par les habitants. Capturé par un Égorgeur, Anakin laissa éclater sa colère et le tua en faisant appel au côté obscur. Anakin sauva ainsi Obi-Wan.\r\n\r\n2 ans plus tard, à l\'âge de 13 ans, Anakin fabriqua sur la planète Ilum son propre sabrelaser en état de transe. Après 10 ans d’enseignement, il était devenu un prodige. Son aptitude à manier la Force était exceptionnelle et il était le meilleur pilote du Temple Jedi. Il était aussi le plus habile de sa classe au maniement du sabrelaser. Mais il était aussi hanté par des cauchemars concernant sa mère. Et, bien qu\'il aimait son Maître Obi-Wan comme un père, Anakin brûlait d\'impatience devant la lenteur de sa formation. Il pensait parfois qu\'Obi-Wan l\'empêchait d\'atteindre son plein potentiel et se disputait souvent avec lui. Il se singularisait par sa tenue couleur sombre et inquiétait ses aînés.\r\n\r\n22 ans av. Yavin, ils furent tous deux chargés de protéger la sénatrice Padmé Amidala. Il eut enfin ainsi l\'occasion de revoir la personne qu’il aimait depuis 10 ans. Ils déjouèrent de justesse une seconde tentative d\'assassinat par la chasseuse de primes Zam Wessel. Après une folle poursuite dans le trafic de Coruscant, ils réussirent à la retrouver dans un night-club, mais celle-ci fut tuée par Jango Fett avant d\'avoir pu dire quoi que ce soit. Alors que Kenobi fut chargé par le Conseil de retrouver la trace du meurtrier, Anakin se vit confier la mission de protéger Padmé qui devait retourner sur Naboo. Il reçut pour sa première mission en solo les félicitations du Chancelier Suprême Palpatine qu’il admirait. Selon ce dernier, il n\'avait plus besoin d\'enseignement. Padmé, distante au début, finit elle aussi par tomber amoureuse de lui. Anakin Skywalker et Padmé Amidala s\'embrassèrent pour la première fois dans le cadre enchanteur de la Résidence des Lacs. Cependant Padmé ne désirait pas qu’Anakin sacrifie son avenir de Jedi et ne lui avoua pas ses sentiments. La mort dans l\'âme, Anakin ne chercha plus à séduire la sénatrice. A la suite d\'un cauchemar encore plus horrible que d\'habitude au sujet de sa mère, Anakin et Padmé décidèrent d\'aller à sa recherche sur Tatooine, désobéissant à la mission du Conseil Jedi. Sur place Watto leur apprit qu\'elle avait été rachetée, libérée et épousée par un fermier du nom de Cliegg Lars. Ayant découvert que sa mère avait été kidnappée par des Tusken Raiders, celui-ci partit aussitôt à sa recherche. Il réussit à s\'infiltrer de nuit dans le camp tusken, mais ne put qu\'assister à la mort de sa mère dans ses bras. Consumé par la rage et le chagrin, il massacra tous les hommes, les femmes et les enfants du camp. De retour à la maison des Lars, il raconta à Padmé tout ce qu\'il avait fait, se reprochant à la fois de ne pas avoir été assez fort pour sauver sa mère, et affirmant que Kenobi était jaloux de lui en cherchant sans cesse à le retenir. Il promit à Padmé de devenir le plus grand des Jedi et qu\'un jour il ferait disparaître la mort. Après avoir enterré sa mère, il décida de partir avec Padmé Amidala au secours de Kenobi sur Géonosis. Ils furent capturés par les forces de Dooku et condamnés à mort. Avant de rejoindre Kenobi dans l\'Arène de Géonosis, Padmé lui annonça qu\'elle l\'aimait…Après avoir vaincu les monstres de l’Arène, il participa au combat avec les Jedi et plus tard se battit avec Kenobi contre le comte Dooku à deux contre un. Dooku, nettement supérieur aux deux dans l\'art du duel grâce à sa maîtrise du makashi (forme II), coupa le bras droit d\'Anakin avant de s’enfuir face à Yoda. Son bras fut remplacé par un bras bionique en métal doré. Il se rebella contre le Code Jedi et choisit d\'épouser Padmé Amidala au cours d\'une cérémonie secrète sur Naboo.\r\n\r\nDeux mois après, il participa avec Kenobi à la défense de Kamino et prit part à de violents combats dans les airs, puis sur la plate-forme. Peu de temps après il combattit avec Kenobi sur la lune de Ohma-D\'un deux adversaires extrêmement dangereux: Asajj Ventress et Durge. Il mena plus tard les forces aériennes lors de la Bataille de Muunlinst et pilota à cette occasion un chasseur Jedi modifié par ses soins. Il affronta alors dans l\'espace Ventress après avoir anéanti la flotte de chasseurs séparatistes... La bataille de Jabiim changea sa vie à tout jamais. Cette bataille meurtrière qui débuta en 21 av. Yavin et dura 43 jours fut l\'un des premiers échecs de la République car tous les Jedi présents sur place moururent. Le seul survivant fut Anakin, qui ne dut sa survie qu\'à l\'intervention de Palpatine qui lui donna l\'ordre d’évacuer. Pire encore, Obi-Wan Kenobi était porté disparu et présumé mort. Pendant qu’ Obi-Wan était porté disparu, il eu Ki-Adi Mundi comme maître. Durant une nuit de la guerre des clones, au cours d’une mission contre des pirates, Anakin eu la vision qu’Obi-wan était encore vivant. Se précipitant dans l’hyperespace, et ce en total désaccord avec Ki-Adi Mundi, Anakin vit le vaisseau de Ventress s’écraser sur Riflor avec Obi-wan et Alpha a son bord : Anakin et Ki-Adi Mundi arrivèrent à temps pour sauver les deux Héros. Dix-huit mois après le début de la guerre, Anakin fut envoyé sur Zaadja. Au cours de cette mission, la Jedi Tohno se sacrifia pour éviter toute bataille qui aurait coûté du temps et surtout de nombreuses troupes. Six mois avant la guerre des clones Anakin fut envoyé sur Rendili pour détruire leur flotte. Durant la bataille spatiale, la flotte républicaine détruisit la flotte séparatiste. A la fin de la bataille, Anakin se désactiva du reste du groupe pour ne pas passer en hyperespace, et rentra sur Coruscant où il alla au sénat pour voir Padmé. Une servante l’attendait et lui remit un hologramme de Padmé. Il alla ensuite dans le secteur industriel où il affronta Asajj Ventress et où il reçu sa cicatrice au visage, il enveloppa Asajj de câbles électriques et la lâcha du haut de la tour où avait eu lieu le combat. A ce moment, Anakin était persuadé d’avoir tué Asajj Ventress. Ensuite, Anakin et Obi-wan partirent sauver une riche corellienne Drama Korr. Cependant, cette mission était un piège tendu par Durge. Anakin élimina Durge et l’envoya dans une capsule de sauvetage direction l’étoile du système. Une fois les deux Jedi sortis du vaisseau qui explosa, des chasseurs séparatistes sortirent de hyperespace, dont un Venator. Le Venator se dirigea sur Boz Pity et s’écrasa sur la planète.\r\nAnakin et plusieurs Jedi (Mace-Windu, Depa Billaba entre autres) tentèrent d’éliminer Asajj Ventress qui en réalité s’échappa et blessèrent Grievous qui fut récupéré par Dooku. L’une des dernières batailles d’Anakin de la guerre des clones se déroula sur la planète Nelvaan, où il accomplira sa dernière épreuve, en libérant les Nelvaanians mutants. C’est après cette mission qu’il se verra poser une nouvelle prothèse, remplaçant le bras bionique qui avait détruit durant cette mission.\r\n\r\nC’est à ce moment que la bataille de Coruscant commença…Alors que le chancelier Palpatine avait était capturé par le général Grievous et transporté sur le vaisseau amiral de ce dernier (le Invisible Hand), Anakin et Obi-Wan sortirent de l’hyperespace, où s’affrontaient les forces républicaines et séparatistes.\r\nAnakin était déterminé à libérer Coruscant des forces séparatiste et le chancelier suprême Palpatine des griffes de Grievous. Avec leur intercepteur Jedi ils infiltrèrent le vaisseau amiral tout en sachant que c’était un piége tendu par Dooku. Les Jedi affrontèrent Dooku qui mit Obi-wan hors de combat. Sous l’injonction de Palpatine, Anakin fit appel à sa colère pour battre Dooku. Palpatine lui ordonna alors de tuer Dooku, ce qu’il fit. Il libéra Palpatine puis pris Obi-wan sur ses épaules, alors que Palpatine l’encourageait à l’abandonner. Quand le vaisseau perdit sa gravité ils descendirent par le tunnel du turbolift ce qui leur causa quelques problèmes lorsque la gravité du vaisseau fut rétablie. Ils furent cependant capturés par Grievous mais se sortirent encore de cette situation. Le vaisseau de Grievous qui avait perdu toute manoeuvrabilité s’écrasa sur Coruscant grâce à Anakin.\r\nLorsqu’Anakin et Obi-wan ramenèrent Palpatine au sénat, il retrouva Padmé qui lui avoua qu’elle était enceinte. Le soir même, Anakin fit un cauchemar. Il se réveilla et Padmé le suivit jusqu\'à la véranda où il lui avoua qu’il la voyait mourir durant l’accouchement. Anakin jura à Padmé que cela n’arriverait pas.\r\nLe lendemain Anakin alla poser des questions sur sa prémonition à Yoda mais fut déçu par les réponses du maître Jedi qui prônait le non attachement. Anakin alla voir le chancelier qui lui proposa de siéger au conseil en son nom lui disant d’être les yeux, les oreilles et la voix de la république.\r\nIl retourna au Temple et fit part de la demande du chancelier suprême au conseil, Mace-Windu lui accorda sa place au conseil mais ne lui accorda pas le rang de maître. Anakin était très en colère que le conseil ne lui accorde pas le rang de maître croyant que le conseil craignait sa puissance. Une fois sorti de cette réunion il parla avec Obi-wan qui lui dit qu’il devait espionner Palpatine et qu’il avait réclamé sa présence. Anakin accepta sa mission a contre cœur. Il alla voit Padmé avant de se rendre à l’opéra galactique pour voir Palpatine. Ce dernier lui révéla l’histoire de Dark Plagueis le sage, la seule personne qui avait découvert le secret de la mort. Ce maître Sith (ancien maître de Dark Sidious) pouvait donner la vie en influencent les midi-chloriens et préserver les gens de la mort. Pour Anakin qui avait écouté attentivement l’histoire, c’était le seul moyen de sauver Padmé lors de l’accouchement.\r\nLe lendemain Obi-Wan partit seul à la recherche de Grievous sur Utapau. Anakin alla retrouver le chancelier qui lui avoua qu’il était le seigneur Sith Dark Sidious, il lui dit que le côté obscur n’avait pas de règle, pas de code, pas de frontière. Anakin alla avouer à Mace Windu que Palpatine était le seigneur Sith qu’il cherchait.\r\nLe maître Jedi lui dit qu’il devait rester au Temple Jedi et l’attendre dans la salle du conseil.\r\nCependant Anakin pressentait que Windu allait tuer Palpatine, lequel était son seul moyen de sauver Padmé. Anakin alla au bureau du chancelier, il vit Palpatine au pied de Windu qui s’apprêtait à le tuer, après que ce premier eut tenté de tuer le maître Jedi avec les éclairs de Force. Palpatine implora Anakin de l’aider lui racontant comment les Jedi avaient essayé de renverser la République. Windu nia ceci, disant que Palpatine était le traître. Devant le danger que représentait le Sith, et son jugement obscurci par l’usage du Vaapad, Windu le va la main pour tuer Palpatine, alors apparemment sans défense. Anakin sortit son sabre et coupa la main de Windu. Palpatine utilisa alors une deuxième fois les éclairs de Force pour précipiter le maître Jedi dans le vide.\r\n\r\nAnakin se demanda comment il avait atteint une telle folie mais il vit qu’il avait été trop loin pour faire marche arrière. Palpatine lui répondit qu’il accomplissait son destin. Anakin se mit à genoux et jura à Palpatine de suivre son enseignement. Sidious donna à son nouvel apprenti le nom de Dark Vador et lui promit que tous deux sauveraient Padmé de la mort. Il envoya Anakin donner l’assaut du Temple Jedi avec la 501è légion, commandée par Appo ; tandis qu’il proclamait l’ordre 66. Tous les Jedi présents dans le Temple furent tués, Anakin se consumant et se convertissant peu à peu au Côté Obscur. Le héros du Côté Clair de la Force était du passé.\r\nIl alla voir padmé pour la rassurer à cause du fait qu’elle voyait le temple en feu et pour lui dire qu’il allait sur Mustafar pour mettre fin à la guerre des clones.\r\nIl alla donc sur Mustafar et y extermina les séparatistes sur ordre de L’empereur. Il vit le vaisseau de Padmé arriver sur Mustafar, il parla à Padmé quand il vit Obi-wan.\r\nDans sa colère, en voyant son ancien maître (lequel avait tué Grievous puis avait échappé à l’Ordre 66), Anakin étrangla Padmé et la lâcha. Le combat entre le maître et son ancien apprenti commença. Anakin utilisa toute sa maîtrise du Djem So mais, Obi-Wan, maître du Soresu, ne ploya pas. A la fin du combat Anakin alors qu’il était sur une petite plate forme et Obi-wan sur la rive, sauta sur son maître qui lui coupa ses deux jambes et son dernier bras de chair. Obi-wan lui dit qu’il regrettait d’en être venu à cette extrémité car selon lui (selon son ancien maître) Anakin, en tant qu’élu, devait ramener l’équilibre dans la Force et pas plonger la galaxie dans les ténèbres. Il considérait Anakin comme son propre frère. Sentant l’empereur arriver, Obi-Wan n’acheva pas Anakin, ramassa le sabre laser de son ancien padawan et partit avec Padmé. Il retrouva sur Polis Massa Yoda et Bail Organa. Padmé bien que physiquement indemne mourut après avoir mis au monde Luke et Leia. Sans que leur père le sache, les jumeaux furent séparé à leur naissance : Luke fut envoyé sur Tatooine conduit par Obi-wan qui donna Luke à Owen et Beru lars. Quant à Leia, elle fut adoptée par Bail Organa d’Alderaan.\r\nAnakin brûlé par la lave fut retrouvé par Palpatine et fut envoyé au centre médical de Coruscant où on lui mit la célèbre armure noire. Devenu pleinement Dark Vador, Anakin se lança dans l’extermination des Jedi au côté de son maître.\r\n\r\nA 45 ans Anakin/ Darth Vader réussit grâce à son fils Luke Skywalker à revenir du Côté Obscur : il sauva son fils en tuant l\'Empereur avant de mourir. Il lui réapparut sur Endor aux côtés de Yoda et Obi Wan. L\'ancienne prophétie s\'était accomplie, Anakin était bien l\'Élu et avait ramené l\'équilibre dans la Force.\r\n'),
(16, 'Padmé Amidala', 'F', 165, 'Galactic Republic\r\nGalactic Senate', 'Humain', ' ', 'Naboo Royal Starship', 'images/Personnages/padme.jpg', 8, 'Elle naquit sur Naboo en 46 avant Yavin. Élevée dans un village de la montagne, elle fut préparée dès son plus jeune âge à de hautes fonctions car ses capacités étaient exceptionnelles. Sa famille (son père Ruwee Naberrie, sa mère Jobal et sa sœur aînée Sola) s\'installa à Theed quand Padmé était encore enfant. Padmé reçut une éducation dans les meilleures écoles, allant parfois se reposer dans la région des lacs. A 7 ans elle entra dans le Mouvement de Secours aux Réfugiés, comme son père avant. A 8 ans Padmé entra dans les Apprentis de la Législature et devint Apprentie à part entière à 11 ans. Plus tard Padmé devint une Législatrice Apprentie. A 12 ans elle tomba amoureuse de Palo, futur artiste, alors qu’elle devint princesse de Theed.\r\n\r\nEn accord avec la tradition, Padmé prit un \"nom officiel\", Amidala, quand elle reçut un rang royal. Le roi Veruna avait détenu le trône pendant 13 ans, mais sa corruption réduisirent la confiance du peuple. Padmé Amidala fit des meetings à travers la planète dès l\'âge de 12 ans en insistant sur sa volonté de faire des réformes et de se mettre réellement au service de Naboo. Elle tomba amoureux d\'un jeune homme à 14 ans, Ian Lago. Elle dut lui dire la mort dans l’âme juste avant de devenir reine que sa vie serait consacrée à Naboo. Amidala fut élue reine à 14 ans seulement largement devant les autres candidats. Elle portait sur les lèvres la \"cicatrice du souvenir\" rappelant l\'époque précédent la Grande Ère de Paix.\r\n\r\nLe nouveau chef des Forces Royales de Sécurité de Naboo, le capitaine Panaka, insista pour que la reine Padmé Amidala subisse un entraînement à la self-défense et aux armes. Il mit également sur pied un système de \"doublures\", des jeunes femmes servant de leurres pour détourner les attentats, et de gardes du corps.\r\n\r\nQuelques 5 mois après son élection, la Fédération de Commerce fit un blocus autour de Naboo. Elle essaya de résoudre le conflit sans violence, mais finalement les armées droides neimodiennes submergèrent Theed. Padmé Amidala fut contrainte de fuir pour obtenir l\'aide de la République. Elle et les Jedi Qui-Gon Jinn et Obi Wan Kenobi durent faire halte sur Tatooine pour réparer le Vaisseau Royal. Sur place elle prit son autre identité de Padmé et se lia d\'amitié avec un jeune garçon aux pouvoirs latents de Force considérables, Anakin Skywalker. Anakin tomba amoureux d\'elle, alors qu\'elle avait pris l\'identité de Padmé Naberrie, et la prit pour un ange. Parvenue à Coruscant, elle fut déçue quand le Sénat Intergalactiquerefusa de réagir à l\'attaque de la Fédération du Commerce, et elle appela à un vote de défiance contre le Chancelier Finis Valorum, ce qui permit l\'élection du sénateur de Naboo Palpatine. Elle influença de manière décisive la guerre sur Naboo en concluant une alliance avec Boss Nass, chef des Gungans. La reine réussit même à capturer le Vice-roi neimodien Nute Gunray. Elle présida le défilé de la Victoire avec Boss Nass dans une magnifique robe blanche.\r\n\r\nLa reine Amidala acheva son mandat de 8 ans et s\'apprêta à se retirer de la vie politique à 22 ans. Son successeur, la reine Jamillia, demanda à Padmé Amidala de servir comme sénatrice de Naboo, et lui permit même d\'emprunter les vaisseaux royaux. Elle gardait sa chambre dans la maison de ses parents à Theed. La Confédération des Systèmes Indépendants inquiéta la sénatrice Amidala. Le comte Dooku dénonçait la corruption de la République. Elle ne pouvait cependant pas accepter de voir disparaître une République aussi ancienne, quelques soient ses défauts. Elle suspecta que Dooku faisait tout pour faire échouer les négociations.\r\n\r\nAlors qu\'elle avait 24 ans, Padmé Amidala retourna à Coruscant pour voter contre la Loi de Création Militaire, qui permettait de créer une armée pour se défendre contre les Séparatistes. Elle pensait que cette décision serait prise par les Séparatistes comme une déclaration de guerre. A son arrivée, une bombe terroriste détruisit son Croiseur Naboo et tua sa servante Cordé qui l\'avait remplacée sur les conseils du nouveau chef de la sécurité, le capitaine Typho. Après être apparue au Sénat Intergalactique pour dénoncer cet acte de violence, elle affirma devant Palpatine et les Jedi incrédules qu\'elle pensait que Dooku était l\'instigateur de cet attentat. Palpatine insista pour que le Maître Jedi Obi Wan Kenobi et son Padawan Anakin Skywalker. Victime d\'une nouvelle tentative d\'attentat de Zam Wessel, le Conseil Jedi décida qu\'elle retournerait sur Naboo escortée par Anakin, alors que Kenobi enquêterait sur l\'affaire. Arrivée sur Naboo, elle présenta Anakin à ses parents et à sa sœur qui s\'aperçurent très vite qu\'elle éprouvait des sentiments pour lui. Ayant gagné la région des Lacs, ils échangèrent un baiser. Plus tard, lorsque Anakin Skywalker lui avoua son amour, elle feignit de ne pas l\'aimer car pour chacun le devoir passait avant tout. Devant l\'inquiétude d\'Anakin qui au sujet de sa mère Shmi Skywalker, elle décida d\'aller avec lui sur Tatooine. Elle tenta de l\'apaiser lorsque celui-ci laissa éclater sa fureur après avoir retrouvé sa mère morte et massacré toute une tribu de Tusken Raiders. Désobéissant au Conseil Jedi, ils décidèrent de se rendre sur Geonosis pour porter secours à Obi Wan Kenobi. Ils furent rapidement capturés et condamnés à l\'Arène où ils retrouvèrent Kenobi et elle avoua à Anakin qu\'elle l\'aimait. Ils s\'en sortirent de justesse avec l\'arrivée des 200 Jedi de Mace Windu et surtout l\'armée de Clonetroopers de Yoda. Éjectée d\'une canonnière au cours de la Bataille de Geonosis, elle n\'assista pas au combat entre Kenobi, Anakin, puis Yoda contre Dooku. Elle retrouva finalement Anakin, le bras droit tranché par Dooku. Alors que la Guerre des Clones avait débuté, Padmé Amidala et Anakin Skywalker se marièrent sur Naboo en secret en la présence uniquement de C-3PO et R2-D2.\r\n\r\nOn connaît peu de choses de sa vie postérieure: elle vit Anakin Skywalker sombrer de plus en plus du Côté Obscur de la Force et devenir Darth Vader, et mit au monde en cachette deux jumeaux, Luke Skywalker et Leia Organa 18 ans avant la Bataille de Yavin. Elle s\'arrangea pour que ceux-ci grandissent séparés dans des familles adoptives pour les protéger de l\'Empereur Palpatine et de leur père Darth Vader qui ignorait leur naissance. Luke fut confié à Owen Lars et Beru Whitesun sur Tatooine, tandis que Leia devint la fille adoptive du Vice-roi Bail Organa d\'Alderaan. Celle-ci se rappelait de sa mère comme étant une personne très belle et très triste qui mourut alors qu\'elle n\'était encore qu\'une enfant.');
INSERT INTO `People` (`id`, `nom`, `sexe`, `taille`, `affiliations`, `espece`, `armes`, `vehicules`, `picture`, `homeworld`, `description`) VALUES
(17, 'Qui-Gon Jinn', 'H', 193, 'Ordre Jedi ', 'Humain', 'Lightsaber\r\nQui-Gon\'s lightsaber', 'Starship ', 'images/Personnages/quigon.jpg', 9, 'On ne sait rien sur la planète d’origine de Qui-Gon si ce n’est que certaines pierres y sont réceptives à la force. Comme la plupart des Jedi de son époque Qui-Gon fréquentait Didi pour ses informations.\r\n\r\nSa réceptivité à la Force fut repérée dès son plus jeune âge et il étudia au temple avant de continuer sous la tutelle du Comte Dooku. Au terme de son apprentissage il avait hérité de la philosophie et du code moral de son maître ainsi que de son extraordinaire maîtrise de la Force. A l’inverse de beaucoup d’autres maîtres Jedi qui se perdaient dans la méditation de la Force unificatrice, Qui-Gon pensait que la Force était vivante : il vivait l’instant présent préférant ressentir et faire confiance à ses instincts plutôt que de penser. A cause de ce point de vue original, il ne siégea jamais au conseil bien que sa sagesse, ses talents et son expérience lui eussent permis.\r\n\r\nIl format un premier padawan qui réussit avec brio et devint à son tour un Jedi. Puis il en format un autre, Xanatos qui était le fils de Crion, un homme riche et influent de Telos. Ce dernier confia la garde de son fils à Qui-Gon. L’enfant devint très doué et possédait un haut taux de midichloriens. Cependant sa haute lignée le rendit arrogant ce qui le mit en conflit ouvert avec les autres Jedi. Lors d’une mission Qui-Gon dut tuer Crion, ce qui eut pour effet de remplir de colère Xanatos qui attaqua son mentor. Qui-Gon maîtrisa facilement son adversaire, mais ne put se résoudre à le tuer. L’apprenti s’échappa et disparut de la circulation.\r\n\r\nCette échec fût un véritable coup de poignard pour Qui-Gon si bien qu’il attendit longtemps avant de prendre un nouveau padawan jusqu\'à ce qu’il rencontre le jeune Obi Wan Kenobi qui, dans un premier temps ne lui disait rien, mais au cours d’une mission sur Bandomeer lui démontra toute l’étendue de ses capacités. Obi-Wan et Qui-Gon accomplirent de nombreuses missions, dont la résolution de l’énigme d’une tentative de meurtre contre Yoda, un affrontement contre Xanatos qui entraina sa mort et le demantelement d’une organisation terroriste visant a tuer le chancelier suprême Finis Valorum. Les débuts de cette association furent laborieuses : Obi-Wan quitta même l’ordre Jedi, mais avec le temps, les deux hommes finirent par former un excellent duo. Qui-Gon Jinn eut lui-même de gros et longs instants de doute lorsque la femme qu\'il aimait, le maître Jedi Tahl, mourut dans ses bras, alors qu\'ils avaient tous deux décidé de vivre leur amour.\r\n\r\n32 ans avant les guerres cloniques, le chancelier Suprême Valorum chargeat Qui-Gon et son padawan de régler un litige commerciale concernant la taxation des routes commerciales ayant entraîné le blocus de la paisible planète Naboo par les vaisseaux de la Fédération du Commerce. Une fois à bord du vaisseau amiral fédéral, les deux Jedi tombèrent dans une embuscade, cepedant ils réussirent a s’échapper et à rejoindre la surface de Naboo. Qui-Gon y secouru un Gungan du nom de Jar Jar Binks. Grâce à l’aide de celui-ci, ils purent rejoindre Theed la capital de Naboo afin de libérer la reine Amidala qui s’était faite capturer par les armées fédérales qui avaientt, entre temps, envahies la planète et de l’aider à se rendre sur Coruscant pour plaider en la faveur de ses sujets.\r\n\r\nLorsqu\'ils tentèrent de forcer les blocus, la nef royale subit de graves dommages qui les obligèrent à s’arrêter sur Tatooine afin d’effectuer les réparations nécessaires. Qui-Gon rencontra Anakin Skywalker un jeune esclave possédant un énorme taux de Midichloriens. Qui Gon le libéra car il était convaincu que celui-ci était l’Elu : celui qui rétablirait l’équilibre dans la force. Juste avant leur départ le jeune garçon et le maître Jedi furent attaqués par un Sith du nom de Darth Maul. Qui-Gon réussit à le repousser de justesse.\r\n\r\nUne fois sur Coruscant Qui-Gon présenta Anakin au Conseil Jedi. Après un examen, le conseil conclut que le jeune homme était très puissant dans la Force, mais son futur restait troublé et incertain. De même, il était beaucoup trop vieux pour être formé. Dans son entêtement légendaire, Qui-Gon décida de garder l’enfant avec lui et l’emmena sur Naboo.\r\n\r\nDans le palais de Theed Qui-Gon et son apprenti affrontèrent Darth Maul. Combinant leurs talents les deux Jedi réussirent à repousser leur adversaire, mais les deux hommes se retrouvèrent séparés par des panneaux lasers. Malgré sa grande maîtrise du sabre laser, le puissant maître Jedi fut battu et mortellement blessé. Obi-Wan réussit a tuer le seigneur Sith et promit à Qui-Gon de former Anakin Skywalker pour qu’il devienne un Jedi. Peu de temps après, de nombreux membres du Conseil Jedi, des hauts dignitaires naboos et gungans ainsi que Obi-Wan, devenu chevalier, et Anakin assistèrent à la crémation du maître Jedi qui désormais ne faisait plus qu’un avec la Force.'),
(18, 'Jar Jar Binks', 'H', 196, 'République Galactique\r\nPeuple Gungan', 'Gungan ', 'Energy Ball (Booma), Electropole ', 'Gungan Bongo Submarine ', 'images/Personnages/jarjar.jpg', 8, 'Cela pouvait se manifester par un simple vol de fruits ou encore plus dangereusement pour ses compatriotes comme la destruction de générateurs de champs statiques provoquant ainsi des inondations dans certaines parties de la cité Otoh Gunga.\r\n\r\nBoss Nass, le chef de cette civilisation sous-marine, suite à une bêtise de trop de la part de Jar Jar, à savoir mettre complétement hors service sa limousine, décida de le renvoyer!\r\n\r\nCelui-ci partit donc errer à la surface de sa planète. Alors qu’il était à la recherche de nourriture il tomba, littéralement, sur deux Jedi, Obi-Wan Kenobi et Qui-Gon Jinn occupés à échapper aux transports Multi-Troupes de la Fédération du Commerce.\r\n\r\nQui-Gon le sauva de justesse d’un de ces chars. Suivant le code de conduite des Gungans, Jar Jar devait servir son sauveur jusqu’à ce que sa dette soit payée.\r\nAfin de les protéger le gungan décida de retourner avec eux à Otoh Gunga, malgré l’interdiction de Boss Nass. Jar Jar était cependant anxieux quant à ce futur tête à tête.\r\nArrivés devant Boss Nass, fort contrarié par sa venue, Qui Gon vint à son secours en expliquant leur sauvetage. Boss Nass accepta de leur donner un moyen de transport pour repartir vers la surface : le Bongo.\r\n\r\nDurant le trajet de retour vers la surface Jar Jfut craintif vis-à-vis de la faune aquatique de Naboo ; mais il fini par retrouver son calme grâce aux deux Jedi.\r\nIl voulut les aider à sauver la Reine de Naboo : Padmé Amidala retenue captive par Nute Gunray et ses droïdes lors du blocus de la planète. Finalement ils s’en sortirent bien mieux sans lui !\r\n\r\nAprès ce sauvetage il suivit tout le monde sur Tatooïne, planète au climat hostile pour son espèce aquatique, et se trouva en difficultés face à Sebulba, célèbre pilote local de podracers!\r\n\r\nIl fut sauvé par un certain Anakin Skywalker, petit garçonnet de 9 ans, qui remporte la course de pod du moment.\r\nPadmé et sa suite, Anakin, Obi-Wan et Qui Gon repartirent pour Coruscant.\r\n\r\nJar Jar accepta de contacter les Représentants de son peuple pour former une alliance avec le peuple de la surface afin de contrer la Fédération du Commerce, à la demande de Padmé.\r\n\r\nA cette occasion il fut nommé Général. Et les gungans remportèrent la Bataille de Naboo !\r\nIl devient un membre du Comité Loyaliste chargé de la Crise Séparatiste avec Padmé Amidala. Ils négocièrent le rattachement de nombreuses planètes à la République.\r\nUne force armée de la République fut créée peu après et la Guerre des Clones commença !\r\n\r\nIl participa à de nombreuses missions diplomatiques :\r\nSur Toydoria, avec le Sénateur Bail Organa, suite aux combats faisant rage sur la planète Ryloth !\r\nIls durent rencontrer le roi Katuunko, afin qu’il autorise l’armée de la République à se servir de la planète comme base afin d’apporter renforts et fournitures médicales et alimentaires, aux Twi’leks.\r\n\r\nIls durent tenir tête à Lott Dod de la Fédération du Commerce qui mettait en avant que cette autorisation mettrait Toydaria en danger. En effet, si Katuunko acceptait, il cesserait alors d’être neutre dans le conflit et se mettrait alors les séparatistes à dos.\r\n\r\nAprès de dures négociations, Katuunko finit par ne pas autoriser les vaisseaux républicains d’atterrir. Cette décision permit alors à la planète de garder sa neutralité…. en apparence. Katuunko, en aparté, confia aux deux diplomates qu’il acceptait mais que cela devait être discret afin de ne mettre personne en danger.\r\n\r\nL’intervention, et surtout la diversion de Jar Jar durant un dîner avec les membres de la Fédération, permit à la République de faire son devoir.\r\n\r\nEgalement sur Rodia avec la Sénatrice Padmé Amidala, à la demande du sénateur Onaconda Farr.\r\nSur la planète, Padmé lui demande de rester à bord du vaisseau, redoutant sa maladresse. Elle l’appela malgré tout à l’aide. Pour cela le gungan se déguisa alors en… Jedi ! Une très mauvaise idée selon C 3PO !\r\nIl découvrit que Farr s’était allié à Nute Gunray qui souhaitait exécuter la Sénatrice.\r\n\r\nPendant ce temps Padmé se libèra seule ! Il dut échapper à Gunray et ses droïdes. Il s’enfuit à la nage, l’eau recouvrant une bonne partie de la planète.\r\nPourchassé par un kwazelmaw avec lequel il sympathisa, ils s’allièrent et se débarrasser des Séparatistes détruisant le vaisseau de Gunray et l’empêchant de s’échapper !\r\nOnaconda Farr changea alors de camps se ralliant à Padmé. Et Gunray fut capturé grâce à Padmé ! Il fut par la suite transporter jusqu’à Coruscant.\r\n\r\nL\'aide de la Sénatrice et de Jar Jar Binks permit d\'ouvrir les yeux à la République qui envoya des ravitaillements à Rodia, menacée par la famine.\r\nIl y eut également une mission sur Florrum : Jar Jar devait amener une rançon afin de libérer Anakin Skywalker, Obi-Wan Kenobi et le comte Dooku d\'une bande de pirates dirigée par Hondo Ohnaka. Lorsque Jar Jar et le sénateur Kharrus arrivèrent ils furent attaqué par des pirates, interressés par la rançon.\r\n\r\nAprès le crash du vaisseau et la mort du sénateur Kharrus, Jar Jar et les clones qui l’accompagnaient furent de nouveau attaqués par les pirates, membres d’un groupe dissident voulant doubler Hondo Ohnaka. Ils se réfugièrent à l’intérieur d’un orifice qui crachait des geysers d’acide. Quand les pirates partirent, Jar Jar et ses hommes décidèrent d’avancer vers la base des pirates, mais ils se firent intercepter par des tanks. Grâce à sa maladresse légendaire, Jar Jar en détruisit un et l’escouade de clones se chargea des deux autres.\r\nIls arrivèrent juste à temps pour aider Anakin Skywalker et Obi-Wan Kenobi à s’enfuir. Mais le comte Dooku était déjà parti. Il s’échappa encore une fois !\r\n\r\nIl accompagna encore une fois Padmé sur leur planète natale: Naboo.\r\nIls découvrirent un laboratoire séparatiste souterrain, créé dans le but de redonner vie à une maladie depuis longtemps éteinte : le virus de l’ombre bleue.\r\nCapturés par le docteur Nuvo Vindi à la tête du projet, ils furent libérés par Anakin Skywalker, Ashoka Tano, Obi-Wan Kenobi et une escouade de clones.\r\nLors de l’interrogateur du Docteur par les Jedi, une bombe contenant le virus explosa et tout l’intérieur du complexe fut contaminé. Seul Jar Jar et la sénatrice furent épargnés, grâce à leur combinaison. Mais cette dernière se fit contaminer à cause d’une maladresse de Jar Jar. Durant la recherche et la destruction des droïdes présents dans le labo, il se fit également contaminer. Les Jedi trouvèrent un antidote sur la planète Iego, et revinrent guérir les malades.\r\n\r\nIl y eut également la Seconde Bataille de Mon Calamari ; où le Conseil Jedi fut sollicité par les Jedi en place pour obtenir de l\'aide. Les Gungans furent contactés pour leurs capacités amphibiennes et leur relation avec la Sénatrice de Naboo. Ils acceptèrent d’envoyer leur armée, Jar Jar ayant particulièrement insisté pour aider à son amie.\r\nSur place, l\'aide fut appréciée mais l\'armée échoua rapidement face au second assaut des Séparatistes. Jar Jar fut alors emprisonné en compagnie des Jedi Kit Fisto et Anakin Skywalker ainsi que Padmé. Lorsque le casque de celle-ci fut percé par le séparatiste Tamson, Jar Jar utilisa sa salive en la crachant dessus. Les propriétés de sa salive permettant adhésion et étanchéité au casque, la Sénatrice échappa à la noyade.\r\n\r\nFinalement la victoire fut remportée par la République après un combat bref mais sanglant.\r\n\r\nMalgré toutes ses péripéties, Jar Jar, toujours aussi naïf, se fit manipuler par Palpatine et finalement lui donna les pleins pouvoirs que ce dernier devait restituer. Ce qui ne fut bien sur jamais le cas.\r\nIl resta cependant dans la délégation loyaliste, suivant les faits et gestes de Palpatine.\r\nSa collègue et amie, Padmé Amidala mourut peu de temps après l\'avènement du Nouvel Ordre et Jar Jar accompagna le cortège funèbre en compagnie de Boss Nass.\r\nAvec l\'avènement de l\'Empire Galactique, on perd peu à peu sa trace.\r\n\r\nOn prétend qu’il se fit discret en politique et que finalement il fut exilé vers un lieu inconnu.\r\nCertaines rumeurs prétendent aussi qu’il aurait été aperçu congelé dans un bloc de carbonite et même qu’il aurait une descendance.\r\n\r\nBien plus tard on dit également qu’il aurait participé à la libération de Naboo suite à la Bataille d\'Endor remportée par l\'Alliance Rebelle…'),
(19, 'Maul', 'H', 175, 'Sith\r\nDathomirian ', 'Darth Maul\'s Lightsaber ', 'Gauntlet Fighter\r\nSith Speeder\r\nSith Infiltrator\r\nThe Nightbrother ', ' ', 'images/Personnages/maul.jpg', 19, 'Khameir Sarin est un Zabrak originaire d’Iridiona. Très jeune il rencontre un dénommé Darth Sidious. Ce dernier développe en lui une haine farouche contre les Jedi et son potentiel dans la Force. Le jeune Zabrak devient un guerrier mortel et discret. Il se tatoue tout le corps avec des symboles sith noirs sur fond rouge pour prouver son dévouement entier au Côté Obscur. Il abandonne son nom de Khameir Sarin pour devenir Darth Maul. Il perd toute sa personnalité pour devenir la main assassine de son maître, il n’est que l’arme de ce dernier.\r\n\r\n\r\nDarth Maul agit dans la discrétion la plus totale. Son maître lui offre le Sith Infiltrator, le meilleur vaisseau de l\'époque, son système d’invisibilité permet à Maul d’agir au grand jour sans se faire repérer. Mais l’arme la plus dangereuse de Darth Maul est son sabre laser à double lames rouges. Au fil du temps il est devenu un expert dans son maniement et s’entraîne avec contre des droids dans sa salle d’entraînement de Coruscant.\r\n\r\n\r\nDarth Sidous envoie son apprenti dévoué détruire toutes les organisations et hommes ayant trop de pouvoirs selon lui et pouvant constituer un menace future. Darth Maul est ainsi envoyer assassiner Lorn Pavan, un vendeur d’informations. Sur son chemin il trouve deux Jedi : Anoon Bondara et sa Padawan Darsha Asssant. Maul doit à tout prix éliminer les deux Jedi pour que personne n’apprenne son existence. En massacrant Bondara et Assant il s’abandonne au Côté Obscur pour laisser éclater sa colère. Le meurtre des deux Jedi n’est qu’un \"défoulement\" pour lui. Maul retrouve Lorn Pavan peut de temps après et l’exécute dans la seconde qui suit.\r\n\r\n\r\nMaul est envoyé tué des hommes mais il est aussi capable à lui seul de détruire toute une organisation. Darth Sidious lui demande de détruire le Soleil Noir de l’intérieur. Maul infiltre l’organisation et tue un part un tous les dirigeants semant des milliers de morts au passage. Une fois arrivé au QG du Soleil Noir il rencontre le dirigeant de l’époque. Il tue sa garde du corps, une Sorcière de Dathomir en la coupant en deux. Lorsqu’il se retrouve seul avec le chef du Soleil Noir, ce dernier lui apprend qu’il aurait put devenir un Jedi. Darth Maul le prend alors par la gorge et le noie dans une marre d’eau.\r\n\r\nPendant le Blocus de Naboo, Darth Maul est envoyé par son maître retrouver la reine Padmé Amidala depuis leur QG de Coruscant. Maul se prépare à avoir sa revanche sur les Jedi. Il arrive sur la planète désertique de Tatooine incognito à bord de son Sith Infiltrator et envoi trois droids espions localiser les Jedi et la reine. Lorsque les droids lui fond un rapport Maul part à leur rencontre sur son Sith Speeder. Il manque de peu de tuer Anakin Skywalker et commence un combat acharné contre Qui-Gon Jinn. Lorsque ce dernier s’enfuit Maul doit repartir sur Naboo attendre le retour des Jedi et de la reine. Sur place Darth Maul surveille les Neimodiens en patientant. Lorsque la reine Padmé Amidala revient avec les Jedi, Maul intercepte le groupe de résistants dans le hangar du Palais de Theed. Un combat intense s’en suit contre Qui-Gon Jinn et Obi Wan Kenobi. Darth Maul réussit à séparer les deux Jedi. Il se bat en duel contre Qui-Gon et le tue en lui plantant son sabre laser dans le torse. Obi Wan furieux se jette dans un duel violent contre Maul, il réussit même à couper en deux son sabre laser. Pourtant Maul ne se laisse pas impressionner et envoi Kenobi dans le vide. Il regarde sa proie avec fierté et lance son sabre dans l’abîme avec mépris. Mais l’arrogance de Darth Maul le mène à sa perte. En effet Obi Wan Kenobi fait un très long saut, attrape le sabre de Qui-Gon Jinn au passage. Darth Maul n’a pas le temps de réagir qu’il est coupé en deux. Il a tout juste le temps de montrer sa surprise avant que les deux parties de son corps ne tombent dans le vide…\r\n\r\nDes dizaines d\'années plus tard, Darth Maul revint à la vie pour engager un duel contre Darth Vader. L\'issue de ce duel déciderai de qui des deux Sith mériterai de sièger aux côtés de Palpatine. Le combat fut enragé, mais dans un élan de colère, Vader éventra Maul qui mourut pour de bon.'),
(20, 'Yoda ', 'H', 1, 'Ordre Jedi', 'Unknown', 'Lightsaber\r\nYoda\'s Lightsaber', ' Yoda\'s Fighter', 'images/Personnages/yoda.jpg', 2, 'Pendant plus de 800 ans, ce petit être verdâtre et ratatiné fut l’un des membres les plus éminents de l’ordre Jedi mais également le dernier Grand Maitre qui présida le Haut Conseil sous l’ancienne République . Il fut aussi l’un des rares Jedi à avoir survecu à l’ordre 66 et à la grande purge Jedi lancée par l’Empire, et finit ses jours dissimulé aux yeux de tous sur une planète marécageuse du système Dagobah.\r\n\r\nL\'histoire de Yoda est l\'une des plus vagues de l\'Ordre , en raison de son exceptionnelle durée de vie qui s\'étala sur 900 ans et de la discrétion de ce dernier à son propre sujet. Sa petite taille, sa peau verte, ses oreilles pointues et ses longs poils blancs lui prêtent une apparence dérisoire, bien qu’il possède un grand pouvoir et une connexion sans pareil avec la Force qui était de ses alliées la plus puissante.\r\n\r\nAutrefois grand voyageur, Yoda visita des centaines de mondes, approcha bien des formes de vie et découvrit bien des aspects de la Force.\r\nMalgré sa petite taille, Yoda dominait par sa sagesse, étant probablement le Jedi le plus réfléchi et le plus puissant de son époque ce qui lui valut de recevoir en -796 le titre de Maître Jedi.\r\nConsidéré par ses frères d\'armes comme une sorte de dirigeant spirituel, il a ensuite intégré le Haut conseil comme « membre des 12 » et fut élevé « Grand Maître Jedi » et Président du Haut Conseil pres d’un siècle plus tard.\r\n\r\nPossédant une compétence tout à fait exceptionnelle au sabre laser, il marqua toutefois une large préférence pour la Forme IV ou Ataru, technique qui éliminait les handicaps de son physique.\r\nEntre -800 et -19, il entraîna et forma tellement de Jedi qu\'on lui attribua le mérite d\'avoir participé à la formation de presque tous les membres de l\'Ordre.\r\nMembre senior de l\'Ordre et Grand Général des Armées dans les derniers jours de la République Galactique, Yoda prêchait le pacifisme mais prouva également sa valeur au combat en affrontant son ancien apprenti Dooku sur Geonosis, sauvant Obi-Wan Kenobi et Anakin Skywalker d’une mort certaine. Il prit également part aux batailles durant la Guerre des Clones et supervisa les missions des Jedi à travers la galaxie tout en éduquant les jeunes padawans du Clan des Ours.\r\n\r\nYoda était en mission sur Kashyyyk quand fut ordonnée la grande purge Jedi. Sa clairvoyance lui permit cependant d’échapper à la mort et de fuir la planète et les armées de clones grâce à l’aide de ses deux amis wookie, Tarfful et Chewbacca.\r\nIl fut récupéré par le sénateur Bail Organa, et retrouva Obi-Wan Kenobi, lui-même rescapé de l’ordre 66 . Ensemble, ils retournèrent au temple jedi pour lancer un message d’alerte aux derniers survivants et se préparèrent à livrer une ultime bataille. Il chargea alors Obi-Wan de stopper Dark Vador, et partit affronter Palpatine, le nouvel empereur et Seigneur Noir des Sith.\r\n\r\nLe combat au cœur du sénat se livra a force égale, et Yoda, ne parvenant pas à prendre l’avantage, dut battre en retraite en raison de la puissance du Sith et de l’arrivée inopinée de sa nouvelle « Armée imperiale ».\r\n\r\nA l\'avènement des Sith au pouvoir, et pour échapper à l\'éradication des Jedi par les troupes de l\'Empire, Yoda s\'exila sur le monde marécageux de Dagobah, observant la galaxie depuis sa retraite nimbée de brumes.\r\nLa petite maison de boue qu\'il habita était d\'une grande austérité, mais à l\'instar de Ben Kenobi sur Tatooine, Yoda ne faisait qu\'un avec le monde auquel il était lié à travers la Force et tirait son pouvoir de son énergie primitive.\r\n\r\nIl continua de conseiller et de transmettre son savoir à Obi-Wan jusqu’à sa mort de ce dernier en l’an 0 et reçu quelques survivants de la grande purge dans le plus grand secret afin de terminer leur formation.\r\nQu\' Rahn fut l’un des premiers, suivi quelques années plus tard de Kent Ori et Korto Vos, tandis qu’après la Bataille de Hoth, ce furent Tash et Zak Arranda qui obtinrent de Yoda un entraînement plus approfondi dans les arts Jedi.\r\n\r\nMais en réalité, l’apprenti que Yoda attendait réellement n’était autre que Luke, le fils d’Anakin Skywalker.\r\nSon élève le plus important à ses yeux, puisqu\'il représentait le dernier des Jedi et donc l’avenir de cet ordre ancestral.\r\nCe dernier vint a lui en + 3, guidé par l’esprit d’Obi-Wan, et le Maître Jedi prit en charge sa formation malgré son âge avancé et son manque de patience .\r\n\r\nFormant le dernier des Chevaliers et donc le tout premier membre du Nouvel Ordre Jedi, Yoda servit de lien entre les deux Ordres, passant le flambeau qu\'il avait préservé pendant de nombreuses générations.\r\nLe vénérable Maitre Yoda s\'eteignit en l\'an + 4 sur Dagobah de mort naturelle après 900 ans d\'existence et la légende veut qu\'il ne fasse plus qu\'un avec la Force …'),
(21, 'General Grievous', 'H', 216, 'Confédération des Systèmes indépendants', ' Droide', 'Lightsaber\r\nBlaster Rifle\r\nElectropole', 'Separatist Dreadnought\r\nGeneral Grievous\' Speeder\r\nSoulless One, General Grievous’ TSMEU-6 Wheel Bike', 'images/Personnages/Grievous.jpg', 20, 'LE SEIGNEUR DE GUERRE KALEESH :\r\n\r\nAvant d’être un cyborg , Grievous était un Kaleesh (espèce reptilienne qui vivait en autonomie sur sa planète et n’avait pas connaissance de la République Galactique) et se nommait QYMAEN JAI SHEELAL. Né sur la planète KALEE, il grandit au milieu des horreurs de la guerre, car son peuple était en conflit avec les YAM’RII (un peuple d’insectoïdes carnivores possédant une technologie avancée, venu de la planète HUK) qui voulaient mettre les Kaleesh en esclavage.\r\nAinsi, Qymaen passa son enfance à s’entraîner et à combattre avec son père. A l’age de 8 ans, Sheelal était déjà un excellent tireur et avait déjà tué plus de 40 Yam’rii. A 22 ans, Sheelal et une autre guerrière nommée Ronderu lij Kummar étaient considérés comme des demi-dieux jumeaux par leur peuple. Ronderu portait un masque sculpté dans un crâne de Karabbac et Sheelal le masque de Mumuu de son père. Ensemble, ils paraissaient invincibles. On racontait qu’ils étaient unis par un lien sacré. Mais lors d’une bataille sur les plages de Kalee, ils furent séparés et Ronderu fut tuée par la mère de Jenuwaa. Sheelal tenta de faire son deuil en prenant 10 femmes et en engendrant 30 fils et filles, mais ça ne suffit pas à calmer sa peine.\r\nSheelal prit alors le nom de GRIEVOUS et forma une armée de Kaleesh aussi assoiffés de sang que lui. C’est ainsi qu’il devint le seigneur de guerre de sa planète. Son armée massacra tellement de Yam’rii que ses derniers furent obligés de quitter Kalee. Mais ce n’était pas suffisant pour calmer la haine de Grievous qui décida d’attaquer la planète Huk.\r\nSeulement, les Yam’rii avaient demandé a la république d’intervenir. Ainsi un groupe de Jedi fut envoyé pour arbitrer le conflit. Parmi eux, les maîtres Jedi T’chooka d’oon et Jmmaar qui prirent le parti des Yam’rii et imposèrent des sanctions aux Kaleesh. C’est ainsi que se termina la guerre Huk. Kalee se retrouva en faillite et Grievous ressentit une grande haine à l’égard des Jedi et de la République.\r\nC’est alors que le président du clan bancaire San Hill fit une proposition au seigneur de guerre. Le clan bancaire s’engageait à honorer la dette de Kalee s’il acceptait de travailler pour eux. Ce dernier accepta à contrecœur car il considérait son travail comme celui d’un vulgaire mercenaire. San Hill n’ayant pas embauché les guerriers Kaleesh, Grievous lui demanda des droïds de combat perfectionnés pour le servir. Avec l’autorisation du Comte Dooku, le président du Clan Bancaire lança la production des IG-100(aussi appelé Magnagarde). Malgré cela, Grievous voulut rompre son contrat, pour partir de nouveau affronter les Yam’rii qui venaient de ravager des cimetières sacrés Kaleesh. Mais San Hill et le comte Dooku établirent un complot pour rallier définitivement Grievous dans le camp des Séparatistes. Ils avaient fait piéger le vaisseau du Kaleesh qui explosa après le décollage. Le corps de ce dernier fut récupéré dans la mer et placé dans une cuve de Bacta.\r\nA son réveil, San Hill lui fit une nouvelle proposition. Grievous devenait le général de l’armée séparatiste à condition qu’il accepte d’être transformé en cyborg.\r\nSeuls ses organes vitaux et son cerveau seraient conservés. Le nouveau général accepta mais à condition de conserver ses yeux.\r\n\r\nLA TRANSFORMATION EN CYBORG :\r\n\r\nAinsi pu débuter la transformation de l’ancien Seigneur de guerre. Ses organes internes furent rassemblés dans un sac de synthé-peau pressurisé et placés derrière la carapace blindé de son abdomen. Le châssis robotique du général fut construit à partir d’un mélange de céramique et de duranium afin d’obtenir une grande résistance aux tirs de blaster. Son nouveau corps fut conçu pour pouvoir lui permettre des mouvements qu’aucun autre corps ne pourrait réaliser (exemple : son torse peut effectuer des rotations à 360 degrés). Chacun de ses bras pouvaient se scinder en deux (ainsi il pouvait combattre avec 4 armes) dans lesquels circulaient des veines électrifiées qui lui permettaient d’handicaper ses victimes. Ses jambes furent équipées de répulseur antigrav et ses pieds, de talon magnétique et de griffes qui lui permettaient de se déplacer aussi bien sur le sol, que sur les murs ou les plafonds. Quand a ses yeux, ils furent équipés d’implants cybernétiques. Même son cerveau fut subtilement modifié par les Géonosiens pour améliorer son équilibre et ses réflexes!\r\nLe Kaleesh se sculpta un nouveau masque (ressemblant à celui de son père) qu’il fit greffer sur l’alliage de son crâne. Il fallut cependant plusieurs mois à Grievous pour se remettre de l’opération. Cette dernière fit cependant de Grievous un guerrier plus rapide, plus fort et plus redoutable que jamais.\r\n\r\nLA GUERRE DES CLONES :\r\n\r\nLe général Grievous participa à plusieurs événements majeurs de la guerre des clones. Voici les plus importants :\r\n\r\nPour sa première mission, le Général fut chargé de l’évacuation du conseil séparatiste lors de la bataille de Géonosis où il tua ses premiers Jedi (eh oui, même si on ne le voit pas dans le film). C’est alors que Dooku, impressionné par son efficacité, lui donna le sabre laser de maître Sifo Dyas et commença sa formation.\r\n\r\nLors de la bataille de Hypori, il assassina Maître Daakman Barrek, son Padawan Sha’a Gi et le Jedi Tarr Seirr. Grâce à l’intervention de quelques soldats clones, les Jedi Ki Adi Mundi, Shaak Ti et Aayla Secura purent être sauvés.\r\n\r\nDans le système d’Anoat, Grievous voulut tenter une expérience sur de jeunes padawans capturés lors d’une bataille. Bien décidé à les transformer en cyborgs, le général demanda au comte Dooku s’il était possible d’unir la technologie géonosienne à des êtres doués dans la force. Ainsi le projet fut lancé, mais le maître Jedi B’dard Tone et deux padawans (Flynn Kybo et Codi Ty) s’interposèrent. Grievous tua Maître Tone et Flynn Kybo mais Codi Ty parvint à ramener les jeunes padawans au Conseil Jedi sur Coruscant (il fut cependant radié de l’Ordre pour avoir manqué aux ordres du Conseil).\r\n\r\nSur Boz Pity, Maître Adi Gallia (membre du conseil Jedi, ex-padawan de Mace Windu) et Soon Bayts périrent de la main du Général surnommé « le tueur de chevaliers », avant que ce dernier ne soit endommagé par maître Windu. Mais Grievous n’était pas mort, et Dooku le fit réparer.\r\nPuis vint la bataille de Coruscant et l’enlèvement du Chancelier Palpatine, durant laquelle Grievous augmenta sa collection de sabre en tuant plusieurs Jedi comme Roth-Del Masona, Foul Moudama ou encore Pablo-Jill. Avant de quitter Coruscant, Grievous affronta une nouvelle fois maître Windu qui lui écrasa la cage thoracique grâce a la Force. C’est pour cela que Grievous se retrouve avec la respiration sifflante dans la Revanche des Sith.\r\nPalpatine fut sauvé par Obi-wan Kenobi et Anakin Skywalker et le général dû fuir son vaisseau (l’Invisible Hand).\r\n\r\nArrivé sur Utapu, sur ordre de Sidious, Grievous envoya le conseil Séparatiste sur Mustafar avant d’affronter Obi-wan Kenobi. Le Jedi parvint finalement à le tuer de plusieurs coups de blaster après avoir écarté sa carapace blindée qui protégeait ses organes. Ainsi mourut Qymaen Jai Sheelal sans comprendre qu’il n’avait été qu’un objet dans les mains de Dark Sidious.'),
(22, 'Mace Windu', 'H', 192, 'Ordre Jedi', 'Humain', 'Lightsaber', 'Solar Sailer, Count Dooku\'s Speeder', 'images/Personnages/Macewindu.jpg', 2, ''),
(23, 'Count Dooku ', 'H', 193, 'Ordre Sith', 'Humain', 'Mace Windu\'s Lightsaber', 'Jedi Starfighter', 'images/Personnages/Countdooku.jpg', 20, 'Dooku connu aussi sous le nom de Lord Darth Tyranus vit sur Sereno, Geonosis ou Coruscant. Il a été formé par Yoda et il formait avant des Chevaliers Jedi comme Qui-Gon Jiin qui hérita de son côté rebelle, puis maintenant la Jedi Noire Asajj Ventress. Durant sa vie de Jedi Dooku parti en Guerre contre les Mandaloriens, il en extermina un bon nombre et seul Jango Fett survécu. Dooku a étudié pendant plus de 8 décennies les pouvoirs de la Force, devenant un des plus puissant praticiens il faisait partie d’un groupe de Jedi connu sous le nom des \"Vingt Perdus\": Vingt Jedi qui ont quittés l\'ordre afin de poursuivre d\'autre idéaux. Après être parti du Conseil Jedi il a été séduit par Darth Sidious le seigneur du Côté Obscur et devient son apprenti. Dooku avait été corrompu par le pouvoir du Côté Obscur, il disparu pendant des années et réapparu comme un rebelle mettant le feu à la galaxie. Sa noblesse lui permet d’être très riche alors il s’engagea dans la voie politique et devient le leader des séparatistes.\r\n\r\n\r\n\r\nIl commença à se familiariser avec l’enseignement Sith stockés dans les Archives Jedi mais comme il avait quitté l’Ordre Jedi il n’en a plus eu accès donc il étudie des cellules holographiques renfermant le savoir mystique de puissances ténébreuses. Ayant étudié les Archives Jedi, il a conçu un sabre laser selon les standards de l’âge d’or du combat de forme II, une technique ancienne. Cela lui permet une grande finesse de maniement, atout important quand il combat des Jedi davantage habitués à utiliser leur sabre pour détourner les étincelles de blaster. Dooku a commencé à embaucher des agents pour finalement créer la fin de l\'Ancienne République. Sous l’identité de Tyranus il va engager plusieurs chasseurs de primes pour capturé son ancienne apprentie : Komari Vosa.C\'est le célèbre chasseur de prime Jango Fett qui réussira à la tuer et Dooku l\'engagea pour qu’il soit le modèle d’une armée de clones cachés sur Kamino. Et, sur son identité de Comte Dooku, pour consolider leur action et affronter la République, il rallie les puissants barons du commerce et donc sont prêts pour la guerre.\r\n\r\n\r\n\r\nMais Obi Wan Kenobi un Chevalier Jedi a découvert la réunion et en averti la République, peut après il se fait prendre prisonnier. Dooku lui a annoncé que la République est sous le contrôle de Darth Sidious mais ne le croyant pas le Jedi ne se rallia pas à la corruption alors il fut mis dans une arène d’exécution par l’ordre de Dooku avec Anakin Skywalker et Padmé Amidala qui ont essayés de sauver Obi Wan, Les créatures et les droids rentrèrent dans l’arène mais Mace Windu surprit Dooku et ridiculisa Jango Fett qui n’a rien pu faire, il du donc faire intervenir les droites. Mace descendit dans l’arène alors que le combat continuait. Jango pour se venger descendit aussi dans l’arène et Mace le tua. Entourés de droids, les Jedi durent cesser le combat mais les troupes de Clonetroopers son venus à la rescousse des prisonniers et des Jedi. Dooku prit peur et en essayant de s’enfuir fut rattrapé par Obi Wan Kenobi et Anakin Skywalker. Ils se lancèrent dans un combat où Dooku utilisa la forme II de la Force, combat dans lequel Anakin y perdit le bras droit et Obi Wan fut blessé à la jambe et au bras incapable ainsi de continuer le combat. Ils furent sauvé par l’arrivée du maître Yoda qui combattit Dooku d’abord en lui lancent des objets, mais comme ils étaient à forces égales ils continuèrent au sabre laser où Dooku fut mit en difficulté. Dooku mit en danger Obi Wan Kenobi et son apprenti Anakin Skywalker, mais Yoda sauva les deux infortunés.\r\n\r\n\r\n\r\nDooku prit peur et eu le temps de s’enfuir. Il retourna sur Coruscant avec les plans d\'une arme secrète, « l\'Etoile Noire », et fournit à son maître, (Darth Sidious) de bonnes nouvelles.\r\n\r\n\r\n\r\nDurant la Guerre des Clones il supervise le mouvement politique des Séparatistes et envoie son apprentie Asajj Ventress à la rencontre des Jedi. Il tire un maximum de profit durant ce conflit faisant alliance avec de nombreux peuples dont les Quarrens et des Jedi dégoutés de la République comme Quinlan Vos. Il fait aussi croire à plusieurs reprises qu\'il souhaite faire la la paix avec les Jedi mais tend un piège à chaque fois. Dooku meurt durant l\'ultime bataille de la Guerre des Clones.'),
(24, 'Grand Moff Tarkin', 'H', 185, 'Empire Galactique\r\nRépublique Galactique', 'Humain', '', '', 'images/Personnages/tarkin.jpg', 18, 'Il est probable que cet être impitoyable et ambitieux aurait été militairement plus puissant que quiconque dans la galaxie si sa haine des rebelles, sa totale confiance en son concept de l’Etoile Noire et la médiocrité apparente des rebelles, ne l’avaient pas pousser à les sous-estimer, provoquant sa propre mort dans la destruction de la première Etoile Noire.\r\n\r\nWilhuff Tarkin est né vers l’an 65 avant Yavin sur Eriadu, une planète du secteur Senex, dans une très vieille famille aristocratique, traditionnellement très ancrée dans les milieux militaires et politiques. Il reçut donc, comme il se devait pour une jeune homme de cette caste, une éducation de patricien et partit poursuivre ses études supérieures militaires à Coruscant, obteint avec brio son diplôme d’officier, et fut nommé à la tête des forces de sécurités spatiales de son monde natal, avec pour but de lutter contre pirates et autres profiteurs. C’est également à cette période qu’il se lia d’amitié avec un jeune Ingénieur de son âge, plein d’avenir, Raith Sienar, qui venait de fonder une entreprise de conception navale, Sienar Technologies. Les deux hommes étaient complémentaires : Tarkin était un expert en Sciences Militaires et Politiques tandis que Sienar était un génie en ingénierie. Parallèlement, il rencontra le Sénateur de Naboo, Palpatine, et devint un de ses principaux soutient.\r\n\r\nVers l’an 35 av Yavin, Tarkin obtint, grâce à ses multiples appuis dans la hiérarchie de la république, le poste de Lieutenant Gouverneur d’Eradiu, qui correspondait plus à ses ambitions. Son mandat fut marqué par le développement des industries spatiales d’Eradiu grâce à la mise en concurrence de deux sociétés d’importation de Lommite et de Dorvalla, et par la construction d’un immense « Palais de fonction » d’un luxe inoui; il se trouva, pour des raisons inconnues, en opposition avec la branche locale de la famille du Chancelier Valorum.\r\n\r\nQuelques mois avant les événements de Naboo, Eriadu accueillit un sommet qui avait pour but de régler les différents entre la Fédération du Commerce, assaillie par des groupes terroristes tel que le Front Nebula, et la République, qui ne souhaitait pas qu’un organisme commercial ne se transforme en machine de guerre, par un réarmement de ses cargos ; Le chancelier suprême Valorum fut hébergé, suivant les insistances de son « ami » Palpatine dans le palais de Tarkin, sans savoir que celui-ci était l’ennemi de sa famille. Apres l’assassinat du directoire de la fédération du commerce, Tarkin limita l’accès des enquêteurs aux preuves qui auraient pu mouiller certains de ses… amis. De plus, la famille Valorum possédant un organisme de transport concurrent de la fédération, le chancelier tomba, malgré toute sa bonne foi, dans de sombres affaires politico financières qui allaient emmener à sa démission et à l’accession au pouvoir d’un certain Palpatine…qui saura bien remercier Tarkin de sa loyauté.\r\n\r\nSuite à l’accession de Palpatine au statut de Chancelier, Tarkin, devint, probablement grâce à l’appui de ce dernier, Commandeur des Flottes de sécurité de la bordure extérieure, et sa haine envers les Non humains (probablement dues, plus qu’à l’influence de Palpatine, à ses origines du secteur Senex où l’esclavage était considéré comme naturel) et les Jedi, qu’il considérait comme des êtres mystiques passéistes, s’attisa de plus en plus. Il trouva le moyen d’espionner ces derniers grâce à un droide en mauvais état posé à un endroit fort visible : le jeune jedi Anakin Skywalker le découvrit et le répara, permettant à Tarkin de ne rien ignorer de ce qui se passait dans la salle du Conseil. En l’an 29 av Yavin, il dirigea avec l’aide de son ami Raith Sienar une opération visant à s’emparer des mythiques vaisseaux organiques de Zonama Seckot, tout en sabotant une mission jedi, menée par Obi Wan Kenobi et Anakin Skywalker ayant le même but, mais échoua… Palpatine ne le lui reprocha pas, d’autant plus que Tarkin venait de lui présenter un projet de Sienar qui ferait longue date dans l’histoire de l’ingénierie spatiale : celui du Planétoïde Expéditionnaire de combat, la future étoile noire…\r\n\r\nPendant les années qui suivirent l’opération sur Seckot, Tarkin gagna progressivement du pouvoir, et s’intégra dans les hautes sphères de Coruscant et dans le cercle plus fermé des soutiens de Palpatine, tels que le commander Screed du département judiciaire. Mais vint la guerre des clones, qui allait mettre la galaxie à feu et à sang… et où Tarkin obteint un poste de Général.\r\n\r\nDans le désordre inhérent au conflit, Palpatine put enfin assouvir sa soif de pouvoir et se fit nommer empereur… Le triomphe de Tarkin arrivait. En charge du secteur Sesswenna, il fut le responsable du tristement célêbre massacre de Ghorman : Tarkin fit atterrir sa flotte sur de paisible manifestants qui protestaient contre la hause des taxations, causant des centaines de décès, et la nomination de Tarkin au nouveau grade de Moff. Il épousa aussi à l’époque la fille de la famille Motti, qui était une des plus puissantes et riches de l’Ordre nouveau, mais prit secrètement comme amante une jeune officier, Daala, dont les compétences en matière de Stratégie l’avait impressionné. Il la nomma au grade d’Amiral, et lui confia la défense de ses Installations Maw. Situé au cœur d’une région parsemée de nébuleuses et de trous noirs, ce complexe dont les responsables n’avaient à rendre de compte qu’à lui, avait pour raison d’être le conception des armes Ultimes impériales.\r\n\r\nC’est également à cette époque qu’il fut nommé au grade inédit de Grand Moff : il avait désormais la charge de la totalité de la bordure extérieure et des régions périphériques. Il pouvait commencer un véritable règne où il allait tenir les rênes du pouvoir d’une main de fer…Il créa la « doctine Tarkin » qui pouvait se résumer ainsi : « la force par la peur », et décida aussi de réduire certaines populations non humaines en esclavage pour soutenir l’effort de guerre impérial, telles que les Wookies ou les Mon Calamari, dont il prit un représentant pour lui servir d’animal de compagnie, un certain Ackbar. Le jugeant intelligent, Tarkin décida de lui apprendre ses propres tactiques militaires, sans savoir que cela allait causer sa perte : en effet, ce dernier les retenait avec patience, et complota avec les rebelles contre son maître : alors qu’il allait rejoindre le chantier de l’étoile noire à bord d’une navette Lambda, il tomba dans une embuscade tendue par des rebelles visant à l’assassiner et ne survécut que grâce à l’apparition du destroyer de l’Amiral Motti qui le récupéra.\r\n\r\nLa coupe était pleine. Les partisans du désordre attentaient à sa vie et commençaient à semer le chaos au sein de l’empire. Tarkin prit comme une mission personnelle la destruction de la rébellion, et la première victime de son Etoile Noire fut la planète pénitentiaire de Despayre qui fut désintégré. Il présenta son jouet et sa terrible efficacité à l’empereur, qui lui donna l’autorisation de partir en croisade contre l’Alliance, mais, connaissant le caractère ambitieux et sanguinaire de son ‘’ami’’, il lui imposa la présence de son serviteur le plus zélé, Dark Vador, à qui Tarkin confia la mission de récupérer les plans de l’étoile noire que les rebelles avaient volés. Vador captura la princesse Leia, sympathisante de la Rébellion qui les possédait, mais elle eut le temps de les cacher à bord de deux droides qu’elle évacua dans une capsule de sauvetage avant d’être capturée et emmenée à bord de l’étoile noire. La rebelle, qui refusait d’avouer ce qu’elle avait fait des Documents dut subir sous ses yeux la destruction de sa planète natale Alderaan, mais fut sauvée et les plans furent analysés sur la base secrète des rebelles située sur Yavin IV et des failles furent détectées : une torpille à proton lancée dans un conduit pouvait faire exploser la station entière. Malgré les avertissements de son chef d’état major, Bast, Tarkin refusa de quitter sa station qu’il croyait invincible et fut réduit en poussière.\r\n\r\nAujourd’hui encore, l’image de Tarkin est très controversée : sa femme et les impériaux purs et durs le considèrent comme un héros, tandis qu’avec raison, son nom raisonne partout ailleurs avec terreur comme si l‘on évoquait un démon… Toujours est il que Tarkin fut un des personnages majeurs de cette époque tourmentée de l’histoire de la galaxie et qu’il emporta un grand nombre de secrets dans sa mort.'),
(25, 'Lando Calrissian', 'H', 178, 'Alliance Rebelle\r\nResistance', 'Humain', 'SE-14 blaster pistol', ' ', 'images/Personnages/lando.jpg', 6, '');
INSERT INTO `People` (`id`, `nom`, `sexe`, `taille`, `affiliations`, `espece`, `armes`, `vehicules`, `picture`, `homeworld`, `description`) VALUES
(26, 'Emperor Palpatine ', 'H', 178, 'Empire Galactique\r\nSith\r\nSena', 'Humain', 'Lightsaber\r\nForce Lightning\r\nPalpatine\'s lightsaber', '', 'images/Personnages/palpatine.jpg', 18, 'I) Le sénateur\r\nEn seulement quelques dizaines d\'années, Palpatine passa du statut de sauveur à celui de despote cruel dans l’esprit des gens, du moins ceux qui savaient voir au delà d’une propagande parfaite, même si en fait il n\'avait jamais cessé d\'être du côté du Mal et de servir ses propres intérêts. A une époque où le gouvernement galactique semblait mortellement atteint sous la corruption, il passa pour être celui qui sauverait la République. Les gens ne suspectèrent jamais qu\'ils avaient élus un Seigneur Noir de Sith qui forgerait un régime sombre à sa propre image.\r\n\r\nEn effet Darth Sidious, pour arriver au pouvoir et éliminer les Jedi, conçut un plan diabolique: il savait qu\'il ne pouvait encore affronter les Jedi directement et décida de prendre l\'apparence d\'un personnage apparemment inoffensif et au-dessus de tout soupçon, Palpatine, pour peu à peu obtenir de plus en plus de pouvoir. Au début de sa carrière politique, personne ne pouvait penser que ce politicien sans envergure de Naboo accéderait au poste le plus élevé de la galaxie. Mais Palpatine avait très bien compris le fonctionnement de la République, comparable à celui des grandes compagnies commerciales: le leader avait le pouvoir sur ceux qui étaient au-dessous de lui, mais n\'était pas à l\'abri de leurs coups bas. Les écrits de Palpatine sur la nature du pouvoir pendant cette période devinrent très populaires (plus tard, il confondit ses idées politiques avec la doctrine Sith dans Le Livre de la Colère, premier tome d\'un ouvrage monumental sur le Côté Obscur). Il fut élu sénateur de secteur par les citoyens de Naboo, représentant au Sénat Naboo et de nombreuses petites planètes voisines. Les sénateurs de Coruscant crurent au départ que ce sénateur nouveau venu serait rapidement englouti dans le monde politique impitoyable de Coruscant. Mais, sous une apparence inoffensive, il cachait une ambition dévorante. Il noua des liens avec des personnages clés comme le commandant Screed du Département Judiciaire Républicain et le maître Jedi Jorus C’baoth. Il bénéficiait d\'une rare réputation d\'honnêteté et de patience. Il ne tarda pas à révéler son habileté et son ambition. Il resta sénateur pendant une vingtaine d\'années, constamment réélu. C\'était un homme solitaire, restant souvent dans ses appartements privés, mais d\'une efficacité redoutable lorsqu\'il était au travail. Il se constitua un réseau d\'alliés dans toutes les organisations, du Syndicat Techno au Fils de la Liberté, se servant des Caamasi pour accroître son autorité morale. Il pouvait compter sur ses deux assistants fidèles, Sate Pestage et Kinman Doriana. Il reçut également dès le début de sa carrière politique le soutien de Wilhuff Tarkin, gouverneur d’Eriadu.\r\n\r\n6 mois avant la bataille de Naboo, Palpatine assista au sommet d\'Eriadu pour discuter de la proposition du Chancelier Valorum de taxer les routes commerciales des mondes extérieurs. Tous les délégués ignoraient que c\'était en fait Palpatine qui avait en secret poussé Valorum à prendre cette décision malgré l\'opposition prévisible de la Fédération de Commerce. Le sommet se termina en désastre lorsque tous les délégués non neimodiens de la Fédération de Commerce périrent dans un complot, laissant la voie libre à Nute Gunray, d’autant plus que le gouverneur d’Eriadu, Tarkin, empêcha toute enquête de la République en faisant disparaître tout indice sur l’instigateur de l’attentat, Darth Sidious.\r\n\r\nD\'autre part Palpatine travaillait depuis de nombreuses années avec le roi Veruna de Naboo, parvenant à le faire s\'intéresser à la politique extérieure. Il fit même construire sur Naboo des caches secrètes pour Palpatine où selon certaines rumeurs celui-ci disposait de ses ennemis politiques. La corruption de Veruna lui rendit hostile le peuple de Naboo. Il fut d\'ailleurs assassiné peu de temps après son abdication.\r\n\r\nII) Le chancelier suprême\r\n\r\nLa jeune reine Amidala occupa le trône de Veruna après avoir été élue, et 6 mois plus tard la Fédération de Commerce envahit Naboo. Palpatine avait alors 50 ans. Il considérait de plus en plus que dans certains cas, il fallait laisser de côté la légalité et les procédures sénatoriales pour simplement faire ce qui devait être fait. Lorsque la reine Amidala s\'enfuit à Coruscant, il la manipula pour qu\'elle lance une motion de défiance contre le Chancelier Valorum, ce qui lui permit par la suite d\'être élu Chancelier Suprême à sa place. Il rassembla en effet beaucoup de voies autour de lui car son monde natal de Naboo était assiégé. Sur Naboo après la victoire des Naboo et des Gungans il rencontra le jeune Anakin Skywalker et lui dit qu\'il suivrait attentivement sa carrière, paroles lourdes de sens.\r\n\r\nEn tant que Chancelier Suprême, Palpatine en surprit beaucoup par son absence de grand projet et l’absence de changement réel dans le fonctionnement de la République. Il veilla à se présenter en humble serviteur de la République. Il avait accédé à son poste alors que l\'opinion publique avait été fortement déçue par son prédécesseur, Valorum. Mais il s\'avéra que c\'est lui-même qui avait orchestré ce rejet massif. Une autre de ses facettes sembla se dévoiler: prétextant l\'intérêt de la République, il ne cessa d\'accroître son pouvoir, notamment en créant la Garde Rouge, présente dès lors à toutes les réunions et qui prit de plus en plus d’importance au détriment des Gardes Sénatoriaux. Certains pensaient que ses projets réels demeuraient obscurs. D\'autres se plaignirent du manque de consistance de ses réformes, la Fédération de Commerce n\'étant en particulier pratiquement pas sanctionnée pour son blocus de Naboo. En réalité Darth Sidious n\'avait aucune envie que l\'un de ses outils, la Fédération de Commerce, disparaisse. Il se rappela du soutien indéfectible de Tarkin et le chargea en 29AVY d’une mission sur la planète Zonama Sekot pour tenter de s’emparer d’un de ses « vaisseaux vivants ».\r\n\r\nLe Sénat réélit Palpatine pour un second mandat et Palpatine alla au delà de ses fonctions pour négocier avec le mouvement séparatiste du comte Dooku avant de penser à la retraite. Or il s\'avéra plus tard que ses prétendues tentatives de négociation avaient volontairement échoué, d\'autant plus que Dooku était l\'apprenti de Darth Sidious. Palpatine était capable selon ses conseillers de travailler plusieurs jours d\'affilée sans dormir. Submergé de travail, il semblait vieillir beaucoup plus rapidement que son âge ne l\'exigeait. En effet Darth Sidious sous l\'apparence de Palpatine, voyait son corps de plus en plus dévoré par le Côté obscur. Il gardait des relations très étroites avec le Conseil Jedi même lorsque ceux-ci tombèrent en disgrâce dans l\'opinion. Jamais les Jedi ne purent imaginer qui se cachait sous l\'apparence de Palpatine. Il prit sous son aile le jeune Jedi surdoué et impulsif Anakin Skywalker, à qui il dit à plusieurs reprises qu\'il le voyait devenir le plus grand des Jedi et qu\'il regrettait que les Jedi ne reconnaissent pas assez son talent. Il ne cessa de lui dire qu\'il n\'avait plus besoin d\'être guidé et qu\'il devait se fier à son intuition et à ses sentiments. La Confédération des Systèmes Indépendants de Dooku avait annoncé leur sécession de la République et pendant deux ans le Sénat débattut sur le droit des séparatistes de faire sécession. Prétextant que les limites du pouvoir du Chancelier Suprême entravaient son efficacité, il chercha un prétexte pour les abolir, profitant d\'un fort soutien populaire. Finalement un groupe de sénateurs inquiets proposa la Loi de Création Militaire pour défendre la République contre les agressions sécessionnistes.\r\n\r\nLorsque Obi-Wan Kenobi découvrit une armée de clones sur Kamino, les supporters de Palpatine lui suggérèrent de recevoir les pleins pouvoirs d\'urgence pour prendre le commandement des clones et les lancer contre les armées droides de la Confédération. \"Le jour le plus triste de toute ma vie\" selon ses dires, Palpatine accepta la motion proposée par Jar Jar Binks, représentant au Sénat de Padmé Amidala alors absente: Palpatine reçut ainsi des pouvoirs dictatoriaux auxquels il jura devant le Sénat de renoncer lorsque la paix serait revenue. La Guerre des Clones éclata.\r\n\r\nÉvidemment il n\'avait pas la moindre intention de renoncer à ses pouvoirs et profita du chaos de la Guerre des Clones pour acquérir encore plus de pouvoirs. Il attira de plus en plus de personnes dans son camp en défendant l\'Ordre face à la corruption du Sénat et l\'incapacité de l\'Ordre Jedi tout en s’arrangeant pour qu’il soit de plus en plus critiqué et détesté. Les Jedi devenus généraux prirent part aux batailles sanglantes et aux massacres, furent victime d’une campagne de dénigrement basée sur des rumeurs montées de toutes pièces et furent bientôt détestés par l’opinion publique. Bientôt tout fut réuni pour permettre à Palpatine de se faire proclamer Empereur, les gens en avaient assez du désordre et de la violence et voulaient que l’ordre règne : une période encore plus sombre allait alors s’ouvrir… L’ordre oui, mais à quel prix ?\r\n\r\nIII) L’Empereur\r\n\r\nL\'Empereur arrivé au pouvoir supprima toutes les instances démocratiques ou les vida finalement de tout pouvoir et institua un règne basé sur la terreur, le racisme et la soumission totale à son autorité. Il put enfin abandonner son apparence devenue inutile de chancelier Palpatine pour prendre celle de Darth Sidious, évitant toujours de se servir de ses considérables pouvoirs obscurs en public car les personnes sensibles à la Force étaient sensées être poursuivis et exterminées.\r\nIl attira sous son influence le Jedi talentueux Anakin Skywalker, l’un des plus puissants que l’Ordre ait connu ( mais en proie à ses passions comme la colère et l’impatience) qu\'il avait étroitement surveillé depuis des années, l\'incitant à se fier à son instinct. Skywalker devint Seigneur Noir de Sith et prit le nom de Darth Vader, couvert d\'une terrifiante armure noire après avoir été vaincu par Obi-Wan Kenobi.\r\n\r\nLes ayant rendus responsables du chaos en dénonçant leur incapacité, Palpatine mit les Jedi hors la loi. Presque tous les Jedi furent poursuivis et exterminés par Vader et les impériaux au cours de purges. Il lança la création d\'une force militaire colossale, basée sur des myriades de stormtroopers et les puissants Star Destroyers. Le Nouvel Ordre Impérial était profondément raciste et favorisa l\'esclavage, même si à de nombreuses reprises l\'Empereur utilisa les services de civilisations non-humaines, comme les Noghri par exemple, qu’il trompa pour les soumettre et en faire des commandos redoutables. Etant donné que le Sénat contrôlait encore les actions de Palpatine, celui-ci devait commettre certaines de ses atrocités en secret, ou alors transformer la réalité des faits par la propagande. Il favorisa la carrière de Tarkin en faisant de lui un Moff puis un Grand Moff. Il fit de Sate Pestage son Grand Vizir, qui mit en œuvre les aspect sociaux du Nouvel Ordre de l’Empereur, en particulier le concept de « Culture Humaine Supérieure », conduisant à la persécutions des espèces non-humaines. Les Caamasi qui l’avaient soutenu dans le passé furent ainsi presque entièrement exterminés quand leur planète fut bombardée peu de temps après la Guerre des Clones. Mais il savait aussi exploiter le talent où il se trouvait, faisant du Chiss Mitth’raw’nuruodo le Grand Amiral Thrawn qui lui fut toujours d’une fidélité à toute épreuve.\r\n\r\nIl gouvernait depuis son Palais Impérial de Coruscant, mais se créa aussi une retraite dans une zone du Noyau étroitement surveillée, la planète Byss. Des millions d’immigrants furent emmenés sur place, où l’Empereur se nourrit de leur force vitale à travers le côté obscur. Le palais sur Byss devint le siège des adeptes du côté obscur, car même si Darth Vader et lui incarnaient les deux Sith dominant selon la tradition, il avait besoin de subordonnés pour d’autres usages. Il s’agissait des Inquisiteurs (Jerec…) qui traquaient les Jedi, et une élite d’individus versés dans le côté obscur, comme les Mages (Kadann…) et les Mains de l’Empereur (Mara Jade…). Après avoir torturé le maître Jedi bibliothécaire Ashka Boda, Palpatine apprit le secret du transfert de l’esprit à travers la Force. Ceci lui permit de contrer les ravages physiques causés par le côté obscur en transférant sa conscience dans des clones plus jeunes. Il fit bâtir trois complexes de cylindres de clonage Spaarti, sur Coruscant, Byss, et Wayland dans le mont Tantiss. Darth Sidious faisait preuve d\'une maîtrise du Côté Obscur telle qu\'il n\'avait pas besoin d\'arme comme un sabre pour se protéger car il pouvait lancer des éclairs de Force Sith mortels. De toute façon il méprisait trop les Jedi pour porter une arme rappelant l\'Ordre détesté. Il avait étudié les ruines Sith anciennes de la planète Korriban et percé les mystères de la Force grâce à un holocron Jedi volé. Peu de temps avant Yavin, lui et Vader durent déjouer un complot orchestré entre autres par le grand moff Trachta pour les évincer et mettre fin à la domination des Sith. Sûr que plus personne ne pourrait s’opposer à lui, il démit le Sénat peu de temps avant la bataille de Yavin.\r\n\r\nPensant que son règne serait éternel grâce au Côté Obscur de la Force, l\'Empereur accorda peu d\'importance à la Rébellion naissante et laissa le Grand Moff Tarkin, adepte de la doctrine de la Terreur, construire une gigantesque station de combat, la Death Star, capable de détruire une planète, simplement pour faire taire toute critique et terroriser ceux qui devaient l\'être.\r\n\r\nDevenu un vieillard (81 ans à l\'époque de Yavin) au corps ravagé par le Côté Obscur de la Force, Palpatine eut à lutter contre deux dangers mortels: l\'Alliance rebelle et la renaissance des Jedi avec Luke Skywalker. Celui-ci détruisit l\'un des symboles de sa puissance, la Death Star, au dessus de Yavin 4. Il donna l’ordre d’en construire une autre plus puissante encore sous la direction de Bevel Lemelisk, qu’il fit torturer pour être sûr que celle-ci n’aurait pas les défauts de la première. Il fit aussi construire le gigantesque vaisseau Eclipse, qui ne fut en fait achevé que des années plus tard. Il survécut aussi à une tentative d’enlèvement par le grand amiral Zaarin.\r\nIl accepta ensuite que Vader tente de capturer Luke Skywalker pour le convertir au Côté Obscur de la Force ou le tuer en cas d’échec. Il comptait en effet se servir de lui pour remplacer Darth Vader à ses côtés. Celui-ci le laissa échapper à Bespin après lui avoir appris qu\'il était son père. Il laissa par la suite s\'opposer le prince Xizor et Darth Vader quand celui-ci partit à la recherche de son fils alors que Xizor voulait le tuer pour déconsidérer Vader aux yeux de l\'Empereur.\r\nIl décida enfin de tendre un piège à l\'Alliance rebelle pour en finir une bonne fois pour toutes. Il s\'arrangea pour que les Rebelles capturent les plans d\'une nouvelle Death Star en construction au dessus d\'Endor. Le but était d\'attirer sur place la flotte rebelle, en faisant croire que la station n\'était pas encore opérationnelle, et de la mettre hors d\'état de nuire. Il comptait également remplacer Vader par son fils Luke jeune et puissant et demanda ainsi à Darth Vader de le lui amener pour qu\'ensemble ils le convertissent au Côté Obscur de la Force. Son excès de confiance en lui fut fatal. La Death Star fut quand même détruite, Luke gagna le duel contre Vader mais refusa d\'achever son père et devenir le nouveau Seigneur Noir de Sith, et Darth Vader préféra le précipiter dans un puits plutôt que de le laisser tuer son fils Luke avec des éclairs de Force... ll se désintégra dans un nuage d\'énergie maléfique. L’Empire avait été enfin vaincu définitivement, en apparence seulement…\r\n\r\nSon esprit voyagea vers Byss pour occuper le corps d’un jeune clone. Rajeuni, il attendit patiemment sur la planète avec ses redoutables machines de guerre, les Dévastateurs de Monde, et ses Adeptes du Côté Obscur qu’il fut temps de repasser à l’offensive. Après la chute du grand amiral Thrawn, Palpatine contacta ses commandants impériaux et reçut leur allégeance, débutant une série d’attaques parfaitement orchestrées en 10APY depuis le Noyau. Lorsque les Impériaux se retournèrent les uns contre les autres, Palpatine y vit l’occasion d’éliminer les plus faibles. Luke Skywalker vint sur Byss l’éliminer, mais en fait se soumit à lui, pensant qu’il pourrait vaincre le côté obscur de l’intérieur. Il faillit échouer et devenir un nouveau Vader, mais sa sœur Leia Organa le fit revenir du côté clair de la Force. L’Empereur mourut à bord de son vaisseau amiral Eclipse lorsque le frère et la soeur retournèrent contre lui un orage de Force obscure qu’il avait créé.\r\n\r\nMais l’esprit de Palpatine survécut à nouveau et se réincarna dans un autre clone sur Byss en 11APY. Il se servit d’une nouvelle superarme, le Galaxy Gun, pour détruire des centaines de systèmes stellaires. Mais il découvrit que son clone dépérissait à cause d’un sabotage volontaire orchestré en fait par un ancien garde royal, Carnor Jax, qui voulait prendre sa place et avait aussi fait détruire les derniers clones. Palpatine décida alors de transférer son esprit dans le corps d’un Skywalker, Anakin, fils de Han Solo et Leia. Il essaya de prendre possession du bébé sur Onderon, mais Solo le tua d’un tir de blaster. Le chevalier Jedi Empatojayos Brand s’interposa pour bloquer l’esprit de Palpatine et l’absorber, alors que lui même mourait et ne faisait plus qu’un avec la Force.\r\n\r\nOn était enfin sûr que Palpatine ne reviendrait plus jamais d’entre les morts et ce trop long règne de tyrannie et de violence avait enfin pris fin…'),
(27, 'Rose Tico', 'F', 163, 'Resistance', 'Humain', 'Electro-shock prod', 'Resistance Transport Pod', 'images/Personnages/rosetico.jpg', 21, 'Originaire de la modeste colonie minière de Hays Minor (dans le système Otomok), Rose et sa sœur Paige sont élevées par leurs parents Hue et Thanya. Sur cette colonie, le Premier Ordre testait ses armes sur la population et c\'est leur haine envers le Premier Ordre qui entraina leur engagement dans la Résistance.\r\n\r\nRencontre avec Finn\r\n\r\nDurant l\'évacuation de la planète D\'Qar, Rose était affectée à la maintenance du croiseur Raddus et au cours de cette bataille, elle du affronter la mort de sa sœur Paige (de 5 ans son ainé). En plein deuil, elle se donna pour mission d\'arrêter les déserteurs de la Résistance et c\'est à ce moment qu\'elle fit la rencontre de Finn qui souhaitait rejoindre Rey. Ravie de faire la connaissance de ce héros de la Résistance, elle devait néanmoins le neutraliser avec une \"électrode\" pour l\'emprisonner pour acte de trahison. \r\n\r\n\r\n\r\nFinn lui expliqua que la flotte ne pouvait pas passer en vitesse lumière car le Premier Ordre disposait d\'un système de traçage. Les deux résistants montaient alors un plan pour désactiver ce système au bord du vaisseau de Snoke et parlèrent de leur plan à Poe Dameron. Lors d\'un appel mouvementé avec Maz Kanata, cette dernière leur livra un nom d\'une personne à trouver : le Maître du décryptage (avec une fleur de Plum) qui se trouvait au casino de Canto Bight sur la planète Cantonica.\r\n\r\nA la recherche du maitre du décryptage\r\n\r\nFinn, Rose et BB-8 posaient leur vaisseau sur la plage et se rendirent dans le casino à la recherche de ce Maître du décryptage. Au cours de leur recherche, Rosa reconnu un bruit, celui d\'une course de Fahtiers. Rose confia alors à Finn, qui trouvait cette ville formidable, son malaise d\'être sur cette planète où la richesse affichée venait certainement de la vente d\'armes. Elle profita de ce moment pour parler de son enfance à Finn. Avec l\'aide de BB-8, ils allaient enfin trouver le maitre du décryptage mais ils furent dénoncés par Slowen Lo et conduits en prison.\r\n\r\n\r\n\r\nSe demandant comment s\'en sortir et mener leur plan à bien, ils firent la connaissance de DJ. Ce dernier leur proposa de l\'aide, qu\'ils refusèrent mais profiteront tout de même de son évasion pour prendre la fuite. Ils se retrouvaient dans les écuries des Fathiers et allaient rencontrer des enfants. Un d\'entre eux, Temiri Blagg, voulait appuyer sur l\'alarme mais Rose dévoila sa bague qui cachait un symbole de la Rébellion. Avec l\'aide des enfants, ils s\'enfuyaient sur le dos d\'un Fathier et allaient semer le chaos dans la ville de Canto Bight. De retour sur la plage, Finn et Rose pensaient pouvoir repartir avec leur vaisseau mais il fut détruit par les forces de police de la ville. Ils finirent par grimper une falaise avec le troupeau de Fathiers puis s\'écartèrent pour fuir dans les champs. Alors que tout semblait perdu, un vaisseau arriva pour les sauver, avec à son bord DJ et BB-8. Au sein du Libertine, elle et Finn informaient Poe qu\'ils se rendaient sur le vaisseau de Snoke pour accomplir leur mission. Elle devait laisser son collier à DJ en guise de gage pour le paiement de la mission. \r\n\r\nMission sur le Suprématie\r\n\r\nUne fois sur le vaisseau de Snoke et déguisés en officiers du Premier Ordre, ils arrivèrent, avec l\'aide de DJ, jusqu\'au système de traçage mais ils furent démasqués par le droïde BB-9E. Ils étaient alors conduits dans le hangar du vaisseau et se retrouvaient confrontés à Hux et Phasma. Ils découvrirent que DJ avait négocié avec le Premier Ordre en leur livrant leur plan d\'évacuation sur la planète Crait. Alors qu\'ils devaient subir la sentence des Stormtroopers Exécuteurs, ils allaient être sauvés par le sacrifice ultime de Holdo. Rose tentera d\'aider Finn dans son combat contre Phasma mais elle du laisser l\'ancien Stormtrooper éliminer son ancienne chef. Avec BB-8 et Finn, Rose prendra la fuite pour rejoindre la base Rebelle de Crait dans une navette.\r\n\r\nBataille sur Crait\r\n\r\nIls arrivèrent de justesse à rentrer dans la base et Rose inspecta les ressources à disposition des Rebelles. Elle participa à la bataille contre le Premier Ordre à bord des Ski Speeders et choisira de mettre en péril sa propre vie afin d\'éviter que Finn ne se sacrifie pour détruire le canon bélier du Premier Ordre.\r\n\r\n\r\n\r\nAvant de s\'évanouir, elle dira à Finn que la victoire viendra en sauvant les gens que l\'on aimait et elle l\'embrassa avant de s\'évanouir. Finn la ramena avec difficulté dans la base. Elle se trouvait dans le coma au sein du Faucon Millenium, sous la protection de Finn, alors que celui ci quittait la planète Crait.\r\n\r\n(Sources : Star Wars ep VIII / Star Wars Les Derniers Jedi  : Le guide visuel)'),
(28, 'Boba Fett ', 'H', 183, ' ', 'Humain', 'Z-6 Jetpack, Blaster Rifle, Flame Thrower', 'Slave I', 'images/Personnages/bobafett.jpg', 10, 'Lorsque le chasseur de primes Jango Fett fut choisi pour être le modèle d’une gigantesque armée de clones, il exigea un clone pour son usage propre qu’il éduquerait comme son fils. Ainsi naquit Boba Fett.\r\n\r\nLes années passèrent et le jeune Boba restait sur Kamino sous la surveillance de Taun We quand son père parcourait la galaxie pour diverses missions.\r\n\r\nUn jour que son père était sur Kamino, Boba accueillit Taun We accompagnée d’un jedi du nom d’Obi Wan Kenobi. Après une discussion tendue entre Jango et Obi Wan, Boba prépara ses affaire pour aller sur Geonosis, à l’abris des jedi et de la République.\r\n\r\nLeur fuite fut interrompue par Obi Wan Kenobi lors d’une tentative d’arrestation . Boba monta à bord du vaisseaux de son père, le Slave One et tira sur le jedi pour venir en aide à son père. Une fois le jedi mit hors d’état de nuire, Jango et Boba quittèrent la planète en urgence. Hélas pour les deux compères, Obi Wan Kenobi avait mit un traceur sur leur vaisseau et les avait suivi jusqu\'à Geonosis. Un nouvel affrontement spatial eut lieu et encore une fois le jedi fut écarté. Boba Fett n’avait déjà aucune pitié pour les jedi à son âge, cela étant dû à l’éducation de son père.\r\n\r\nBoba accompagnait son père pour assister à plusieurs exécutions sur Geonosis dont celle du jedi qu’il haïssait : Obi Wan Kenobi. Boba avait hâte de voir le sanglant spectacle mais quelques minutes plus tard un jedi surgit de nulle part pointa sa lame vers la gorge de son père. Jango étant très rancunier, il descendit prendre sa revanche. Boba suivi le combat avec attention, et c’est avec horreur qu’il vit le jedi décapiter son père. Au début Boba ne voulut pas y croire, mais lorsqu’il descendit dans l’arène après la bataille, il découvrit le corps, sans vie de son père.\r\n\r\nLe garçon rassembla ses dernières forces pour enterrer le corps de son père mais garda avec lui le casque et l’armure Mandaloriène. Dès lors Boba Fett se promit de venger son père et développa une haine sans limite envers les jedi.\r\n\r\nBoba Fett devint rapidement le chasseur de prime le plus célèbre et le plus efficace de la Galaxie. Il était notamment employé par Jabba le Hutt. Quelques jours avant la destruction de la première Etoile Noire, Boba accompagna Jabba sur Tatooine, ce dernier devait aller faire pression sur l’un de ses meilleurs hommes, Han Solo qui lui devait de l’argent, après avoir largué de la cargaison dans l’espace. Lors de cette rencontre Fett foudroya du regard Solo qui allait devenir son plus grand ennemi, l’objet de sa futur quête….\r\n\r\nPeut de temps après la Bataille de Hoth, Boba Fett fut recruté par Darth Vader avec d’autres chasseurs de primes rivaux. Plus malin que les autres, Fett se faufila parmi les débris de l’Empire à bord du Slave One et trouva tout de suite Solo et son équipage à bord du Faucon Millenium. Boba calcula le cap du contrebandier de l’Alliance et donna les coordonnées à l’Empire. Ainsi Boba Fett arriva le premier sur Bespin. Il eut l’occasion de détruire une unité IG sur place. Lorsque Solo se fit capturer par Vader, Fett se souciait de la santé du contrebandier car il voulait le livrer vivant à Jabba le Hutt. Han Solo fut congelé dans la carbonite et Boba s’enfuit de Bespin avec son trophé .\r\n\r\nUn an plus tard Boba Fett resta sur Tatooine à la cour du Palais de Jabba pour admirer sa prise : Han Solo prisonnier de la carbonnite. Boba eut sur place une aventure avec la danceuse Twi’lek Lyn Me. Mais les évènements se précipitèrent : Les amis de Solo vinrent à la rescousse, furent arrêtés par les gardes du palais, puis condamnés à se être jetés dans la gueule du Sarlacc. Tout semblait bien se dérouler jusqu’au moment où Luke Skywalker récupéra son sabre laser. Fett sortit à la hâte de la barge de Jabba et partit combattre le jedi qu’il haïssait tant. Hélas pour lui le jedi lui coupa son blaster en deux, et une secousse lui fit perdre conscience quelques instants. Quand Boba Fett se releva, Han Solo lui donna un coup de lance sur son jet pack sans le faire exprès. Fett décolla dans les airs sans pouvoir contrôler son pack dorsal. Il se prit de plein fouet la barge de Jabba et tomba directement dans la gueule du Sarlacc, laissant le chasseur de prime pour mort.\r\n\r\nQuelques temps plus tard, Boba Fett réussit à sortir de la gueule de la créature, la tuant sur le coup. Fett en sortit en très mauvais état. Heureusement pour lui, Dengar passait par là et décida de sauver son confrère chasseur de prime. En suivit une longue amitié entre les deux hors-la-loi.\r\n\r\nDurant les années qui suivrent ,Boba Fett ne cessa de traquer Han Solo pour se venger personnellement, mais en vain. Les années passèrent jusqu\'à l’invasion de la galaxie par les Yuuhuzan Vongs. Ces derniers colonisèrent planètes après planète. Boba forma donc un commando de guerriers Mandaloriens et libéra plusieurs systèmes. C’est durant cette période que Boba Fett rencontra de nouveau Han Solo, mais cette fois-ci lui sauvant la vie !'),
(29, 'Wicket W. Warrick', 'H', 1, 'Alliance Rebelle', 'Ewok', '', '', 'images/Personnages/Wicket.jpg', 7, 'Mesurant seulement 80 cm de haut, l’Ewok ressemblait à un petit ours, car il était recouvert de la tête aux pieds d’une épaisse fourrure marron. De sa face on ne voyait pas grand-chose, à l’exception d’un nez bulbeux et arrondi, et de deux grands yeux brun-noir. Espèce primitive, les Ewoks vivaient da ns une culture tribale de l’âge de pierre; ils se paraient d’ossements, de dents et de peaux ramenés de leurs expéditions de chasse.\r\n\r\nWicket était comme les autres Ewoks: il arborait fièrement une sorte d’écharpe à capuchon cousue dans une peau de bête et portait une lance, petite mais efficace, à pointe de silex. Wicket était un habitant de la forêt adapté à son environnement et doté de sens bien développés. Son odorat subtil compensait sa vue assez médiocre et ses grandes oreilles revêtues d’une douce fourrure étaient capables de distinguer une multitude de sons inaudibles pour bien d’autres êtres vivants. D’un naturel méfiant, son espèce s’appliquait à chasser de nombreux prédateurs nocturnes de la forêt d’Endor. Wicket, cependant, était une créature curieuse encline à sortir du périmètre de son village pour chercher l’aventure.\r\n\r\n\r\n\r\nÀ l’époque où la lune-forestière entra dans la guerre de Sécession galactique, Wicket était tout juste un adolescent. Pour le brave petit Ewok, c’était simplement la dernière d’une longue série d’aventures que lui avait valu son penchant à venir en aide aux étrangers. Wicket était né et avait grandi dans la ville Ewok de Bight Tree, agglomération construite dans les arbres qui dépassent les 50 mètres de haut, au cœur de la forêt vierge d’Endor. Ses parents étaient les descendants du célèbre guerrier Ewok, Erpham Warrik, l’arrière grand père de Wicket, et Wicket avait aussi deux frères plus âgés que lui et une sœur, plus jeune, âgée de quelques mois. Wicket passa la plus grande partie de son enfance à se livrer aux passe-temps traditionnels des Ewoks, à savoir chevaucher des animaux sauvages dans la forêt, pêcher dans les rivières voisines, s’adonner à des concours d’archers, et pratiquer le vol libre en compagnie de Teebo, son ami. Mais Wicket mourrait d’envie d’aller au delà des limites du village et d’étendre son horizon. Tout cela ne plaisait guères aux anciens de la tribu, mais cela permit à Wicket de rencontrer plusieurs étrangers. Certains étaient sympathiques, comme Gupin, un genre d’elfe, tandis que d’autres, l’étaient moins, comme la méchante sorcière Morag, qui constituait une véritable menace pour les Ewoks. Armé de courage et de sa confiance dans sa lance de silex, Wicket affronta de nombreux adversaires dangereux au cours de ses nombreuses explorations au cœur de la forêt. Il se trouva empêtré dans de nombreuses escarmouches avec des Duloks belliqueux (les Duloks étaient une race sœur des Ewoks, mais plus agressive et plus belliqueuse, que le grand père de Wicket avait combattu il y a fort longtemps). Plus tard, il rencontre des monstres encore plus dangereux : des Mantugrues volantes, des araignées géantes, des Froschs reptiliens et des Phlogs géants.\r\n\r\nComme bien d’autres jeunes Ewoks, Wicket avait à une époque voulu devenir sorcier, une position, convoitée au sein du conseil des anciens. Mais bien que Wicket fût élève de Logray, le chef des sorciers du village, il n’accordait pas grand crédit à la magie et désapprouvait les rituels excentriques de son instructeur. Fâché par les idées de Wicket, Logray le renvoya et engagea Teeto à sa place. Wicket reprit alors son statut de glaneur et de chasseur, en quête d’aventures, loin du village.\r\n\r\nUn jour, Wicket fit la connaissance de la princesse Leia Organa, perdue dans la forêt. Méfiant au départ, il se laissa finalement apprivoiser par la princesse, et la mena, elle et ses amis, à Bight Tree. Les Ewoks, révoltés de voir des humains voulurent les emprisonner, mais Luke Skywalker utilisa la Force pour léviter C-3PO, et les Ewoks le prirent pour un dieu. L’histoire expliquée, et les Ewoks apprivoisés, le peuple de Bight Tree aida les rebelles à détruire le bunker impérial disposé sur Endor, ce qui permit aux forces rebelles de détruire l’Etoile Noire, car elle n’avait plus aucune protection, le bouclier étant levé grâce au rude combat mené par les Ewoks dans la forêt d’Endor contre les forces impériales.'),
(30, 'Supreme Leader Snoke', 'H', 180, 'The First Order', '', '', 'The Supremacy', 'images/Personnages/snoke.jpg', 18, ''),
(31, 'BB-8', 'H', 1, 'Resistance', 'Astromech Droid', '', 'Resistance Transport Pod', 'images/Personnages/bb8.jpg', 1, 'BB-8 était un droïde astromécano de série BB de couleur blanche, orange et grise. Comme tout les droïdes de sa série, il a la particularité de se déplacer en roulant.\r\nIl appartenait au pilote de la Résistance Poe Dameron pour qui il est le copilote dans son X-Wing T-70, le Black One. Ses aventures le mèneront vers Jakku en compagnie de Poe, il rencontrera Rey et Finn avant de se rendre sur Takodana grâce à Han Solo et Chewbacca.\r\n\r\nIl transporte dans un petit compartiment interne dans lequel se trouve une carte partielle du chemin menant à Luke Skywalker. C\'est pour cela que le Premier Ordre le convoite.'),
(32, 'Chirrut Îmwe', 'H', 173, '', 'humain', 'Chirrut Îmwe Staff Chirrut Îmwe Lightbow', '', 'images/Personnages/Chirrut.jpg', NULL, ''),
(33, 'Jyn Erso', 'F', 160, '', 'humain', 'Jyn Erso BlasTech A-180 Blaster', '', 'images/Personnages/Jyn', NULL, ''),
(34, 'Captain Cassian Andor', 'H', 178, '', 'humain', 'BlasTech A280-CFE', '', 'images/Personnages/cassian.jpg\r\n', NULL, ''),
(35, 'Ponda Baba', 'H', 185, '', 'aqualish', 'Blaster Pistol', '', 'images/Personnages/pondababa.jpg\r\n', NULL, ''),
(36, 'Qira', 'F', 158, 'Vers Blancs', 'humain', 'S-195 blaster pistol', '', 'images/Personnages/qira.jpg', NULL, ''),
(37, 'Glaucus', 'F', 160, '', 'Octéroïde', '', '', 'images/Personnages/glaucus.jpg', NULL, ''),
(38, 'Enfys Nest', 'F', 187, 'Cloud Riders', 'humain', 'electroripper staff', 'Swoop, Enfys Nest swoop bike', 'images/Personnages/enfynest.jpg', NULL, '');

-- --------------------------------------------------------

--
-- Structure de la table `Planet`
--

CREATE TABLE `Planet` (
  `id` int(3) UNSIGNED NOT NULL,
  `name` varchar(35) NOT NULL,
  `diameter` int(7) DEFAULT NULL,
  `population` varchar(15) DEFAULT NULL,
  `description` longtext NOT NULL,
  `rotation` int(11) NOT NULL,
  `orbite` int(11) NOT NULL,
  `gravity` float NOT NULL,
  `climat` varchar(255) NOT NULL,
  `picture` varchar(255) NOT NULL
) ENGINE=InnoDB DEFAULT CHARSET=utf8mb4;

--
-- Contenu de la table `Planet`
--

INSERT INTO `Planet` (`id`, `name`, `diameter`, `population`, `description`, `rotation`, `orbite`, `gravity`, `climat`, `picture`) VALUES
(1, 'Tatooine', 10465, '200000', 'Tatooine est une planète-désert de l’univers de fiction Star Wars. Située dans la Bordure extérieure, cette planète orbite autour des étoiles Tatooine I et II. Il s\'agit du monde d\'origine de la famille Skywalker.<br>\r\n\r\nMalgré la chaleur torride qui règne à sa surface, Tatooine est le monde d\'origine des Tuskens et des Jawas. Étant éloignée du centre de la galaxie, elle n\'est pas sous la juridiction de la République galactique, ni de l\'Empire galactique après. Du fait de sa position stratégique dans ce secteur de la galaxie, la planète est aux mains des Hutts, elle est dirigée par le gangster Jabba le Hutt.<br>\r\n\r\nElle apparaît dans beaucoup de films de la saga : La Menace fantôme, L\'Attaque des clones, La Revanche des Sith, Un nouvel espoir, Le Retour du Jedi, L\'Ascension de Skywalker, ainsi que dans le film dérivé The Clone Wars. Les scènes extérieures ont été tournées en Tunisie et dans le parc national de la vallée de la Mort aux États-Unis.<br>\r\n\r\nEn plus des films, Tatooine est représentée dans les séries télévisées The Clone Wars, Rebels et The Mandalorian, dans les novélisations des films dans lesquelles elle apparaît, ainsi que dans plusieurs romans, jeux vidéo et bandes dessinées.<br>', 23, 304, 1, 'aride', 'images/Planetes/tatooine.jpg'),
(2, 'Alderaan', 12500, '2000000000', 'Alderaan (traduite par Aldorande et Aldérande) est une planète de l\'univers de fiction Star Wars.<br>\r\nElle apparaît à la fin de l\'épisode III et dans l\'épisode IV où elle occupe une place centrale.<br>\r\n\r\nAlderaan est détruite par la première Étoile de la mort sur ordre du Grand Moff Tarkin.<br>\r\nDepuis l\'espace, la planete Alderaan, est située dans le système étoilé du même nom. Elle apparait sous une forme bleu-vert et est enveloppée par une toile blanche de nuages.<br>\r\nA sa surface se trouve de grandes étendues d\'eau et présentes de grandes chaines de montagnes enneigées ainsi que de grandes plaines verdoyantes. A travers la galaxy elle est connue sous le nom de \"Planète de la beauté\".<br>\r\nUne varietée spécifique de vignes pousse sur Alderaan, qui sert principalement à produire du Toniray et du vin \"émeraude\".<br>\r\n\r\nLa ville de Alderaan a été construite dans le but de respecter la beauté naturelle de son environnement. Par exemple, le palais de la famille royal ainsi que les villes aux alentours le produises dans des barils à même la montagne.\r\nL\'architecture Alderaanienne est faite de pierre synthétique blanche.<br>', 24, 364, 1, 'tempéré', 'images/Planetes/alderaan.jpg'),
(3, 'Yavin IV', 10200, '1000', 'Située dans la Bordure Extérieure, Yavin 4 est l\'une des trois lunes de la géante Yavin, avec Yavin 8 et Yavin 13, à posséder les conditions atmosphériques nécessaires à la vie. Des trois lunes, Yavin 4 est sans conteste celle qui possède l\'histoire la plus riche et la plus mouvementée, et fut le théâtre d\'évènements historiques d\'importance galactique.<br>\r\n\r\n  Yavin 4 est un monde soumis à une intense activité géothermique. Soixante-six pour cents de sa surface est composée de terres réparties en quatre continents. La lune-jungle possède six océans interconnectés ainsi qu\'une mer assez vaste. A une époque indéterminée, des explorateurs républicains venant de la Colonie de Wetyin donnèrent aux quatre continents les noms de Starloft, Swivven, Koos et Wetyi.<br>\r\n\r\n  En raison du fait que Yavin 4 orbite autour d\'une géante gazeuse, son environnement en subit directement les conséquences. Ainsi, quand la lune tourne le dos au soleil mais fait face à la géante gazeuse, les nuits sont très claires et le ciel est de couleur rouge pastel. Quand Yavin 4 tourne le dos à la fois au soleil et à la planète, ou quand Yavin éclipse le soleil, Yavin 4 est plongée dans une obscurité totale. Quelques fois par an, ces nuits peuvent être très longues en raison de l\'orbite de de Yavin 4, et dans ces cas la température baisse de façon importante et entraîne des tempêtes très fortes. <br>', 24, 4818, 1, 'tropical', 'images/Planetes/yavin.jpg'),
(4, 'Hoth', 7200, 'unknown', ' Sixième planète du système Hoth - et la seule un tant soit peu habitable - Hoth est monde recouvert de neiges et de glace, doté de trois lunes. Constamment frappé par les météorites en provenance du vaste champs d\'astéroïdes se trouvant dans le système, Hoth n\'a développé aucune forme de vie intelligente mais possède néanmoins quelques formes de vie animales notables, comme le tauntaun ou le wampa, un féroce prédateur.<br>\r\n\r\n  Hoth n\'est pas à proprement parler une planète accueillante, loin s\'en faut. Les températures sont le plus souvent au-dessous de zéro, et les nuits sont si froides que même les animaux natifs de ce monde ne pourraient y résister bien longtemps. Dans la journée, le mercure oscille autour de -32 degrés, mais la nuit il n\'est pas rare que la température baisse jusqu\'à -60 voire davantage en cas de tempête.<br>\r\n\r\n  Si toute la surface de la planète est recouverte de plaines et de montagnes gelées, on peut trouver ici et là d\'importantes fissures volcaniques déversant laves et roches en fusion à la surface. Il existe quelques rares volcans actifs à la surface de Hoth, et quelques chaines montagneuses, même si l\'essentiel de la surface est plutôt composé de plaines. <br>', 23, 549, 1.1, 'glacial', 'images/Planetes/hoth.jpg'),
(5, 'Dagobah', 8900, 'unknown', 'Dagobah est une planète oubliée au milieu du Système Sluis, dans la Bordure Extérieure. Bien que proche de mondes comme Xagobah ou Sluis Van, la planète fut oubliée de tous. <br>\r\nAucune carte stellaire ne relate son existence, même celle d\'Obroa-Skaï ou de Bastion. Mais, malgré cet oubli, la planète n\'est pas désertique pour autant. Elle recèle un nombre incalculable d\'espèces vivantes, qu\'elles soient animales ou végétales. En effet, le climat très humide et l\'apparition de marais à sa surface expliquent grandement un développement d\'une telle intensité.<br>\r\n\r\n  La planète peut être apparentée à un marais ambulant, parsemée de quelques zones non submergées, à peine assez grandes pour permettre à un chasseur de type X-wing de se poser. Parmi toutes ces vies végétales, on retrouve l\'arbre Gnarl, issu de la métamorphose d\'une araignée en arbre. Mais aussi l\'arbre Galla, la racine de Mélacolie dont on se sert afin de créer de la peinture naturelle. Mais encore plus important, la faune est merveilleuse et dangereuse à la fois.<br>', 23, 341, 0, 'boueux', 'images/Planetes/dagobah.jpg'),
(6, 'Bespin', 118000, '6000000', ' Bespin est un monde gazeux entouré de nuages et de vapeurs offrant aux voyageurs de passage des reflets kaléidoscopiques d\'un monde céleste aux allures paradisiaques. Même si la planète n\'est pas tellurique, la vie est apparue et s\'est développée dans le ciel, les premiers colons bâtissant des cités flottantes pour pouvoir s\'y installer.<br>\r\n\r\n  Les planètes géantes gazeuses sont fréquentes dans l\'espace, mais il est peu habituel d\'en croiser une qui est habitée. Comme la plupart des autres géantes gazeuses, Bespin est entourée d\'une couche atmosphérique de plusieurs centaines de kilomètres abritant profondément en son sein un noyau liquide à haute pression, la planète faisant elle-même 118.000 kilomètres de diamètre. Mais si Bespin possède une atmosphère très large, seule une étroite bande tempérée et respirable, dans les strates supérieures, permit l\'apparition de la vie et la colonisation des pionniers.<br>\r\n\r\n  La faune et la flore qui vivent dans cette \"zone de vie\" sont composées d\'algues phosphorescentes et d\'énormes méduses appelées beldons. La plupart des animaux vivent sur d\'énormes léviathans, mais des meutes de velkers peuvent attraper un animal distrait et le dépecer en quelques minutes, engloutissant des gros morceaux de chair avant que la carcasse de la bête ne plonge dans les profondeurs mystérieuses de la planète.<br>', 12, 5110, 1.5, 'tempéré', 'images/Planetes/bespin.jpg'),
(7, 'Endor', 4900, '30000000', 'La lune d\'Endor, ou simplement Endor par métonymie, est un satellite naturel de l’univers de fiction Star Wars.<br>\r\n\r\nIl est un des neuf satellites naturels de la planète géante gazeuse Endor située dans un système stellaire double de la Bordure extérieure dans le secteur Moddell. La lune est principalement recouverte d\'une forêt tempérée qui abrite plusieurs espèces intelligentes et animales, la plus importante étant les Ewoks.<br>\r\n\r\nElle est notamment le théâtre de l\'affrontement entre les rebelles et l\'Empire lors de l\'épisode VI où les Ewoks aident les rebelles à détruire le générateur de protection de l\'Étoile de la mort. Dans les téléfilms sur les Ewoks, L\'Aventure des Ewoks et La Bataille d\'Endor, c\'est la lune où s\'écrase le vaisseau de la famille Towani. <br>\r\nAvec un diamètre de 4 900 km, la lune forestière d\'Endor est le plus large des neuf satellites naturels de la géante gazeuse Endor. Elle est parfois nommée simplement Endor, comme la planète, car elle n\'a pas de vrai nom. La lune est principalement recouverte de forêts mais aussi de savanes, de déserts et de montagnes.<br>', 18, 402, 0.85, 'tempéré', 'images/Planetes/endor.jpg'),
(8, 'Naboo', 12120, '4500000000', 'Située non loin des territoires de la Bordure Extérieure, à la limite de la Bordure Médiane, Naboo est une planète à l\'aspect idyllique, peuplée sommairement par deux espèces intelligentes et pacifiques : les Naboos, en fait des humains, et les Gungans, une espèce amphibienne.<br>\r\n\r\n  La surface de la planète Naboo se compose principalement de lacs marécageux, de plaines et de collines couvertes d\'herbe et de forêts basses. Les villes humaines, construites sur les abords des rivières, sont des joyaux d\'architecture, et se fondent littéralement dans la nature, tout à l\'opposé des gigantesques bâtiments de Coruscant. Les habitations des Gungans sont, elles, situées au fond des lacs, grâce à l\'usage de bulles hydrostatiques qui composent un champ de force empêchant l\'eau de s\'engouffrer. Elles représentent à leur façon des merveilles d\'architecture gungan.<br>\r\n D\'un point de vue strictement géologique, Naboo est un phénomène unique dans toute la Galaxie, et sa structure reste un mystère aux yeux des planétologues qui l\'ont étudiée. Alors que la plupart des planètes possèdent un noyau de magma et une croûte de roche, Naboo semble être davantage un monde ancien ne possédant pas de noyau en fusion.', 26, 312, 1, 'tempéré', 'images/Planetes/naboo.jpg'),
(9, 'Coruscant', 12240, '1000000000000', 'Coruscant était une planète située près du centre de la Galaxie, en bordure du Noyau. Surnommée le Pivot ou encore le Joyau des Mondes du Noyau, elle est la capitale de la République Galactique, puis de l\'Empire Galactique et enfin de la Nouvelle République après la chute de l\'Empire. Probablement le berceau de l\'humanité, ce monde a de tout temps été le centre névralgique de la galaxie. Elle se trouve aux coordonnées 0-0-0 dans le repère spatial galactique, à l\'intersection des plus grandes routes commerciales.<br>\r\n\r\nElle est le centre cartographique de la galaxie depuis 25 000 ans. Son étoile est Coruscant Prime. Sa démographie est de 68% d\'humains, 32% d\'autres espèces, sa période de révolution est de 368 jours, et sa rotation est de 24 heures.<br>\r\n\r\nLa planète est cosmopolite et entièrement urbanisée, éclairée en permanence de jour comme de nuit. Les océans ont été asséchés depuis bien des millénaires à l\'époque impériale. Les calottes polaires artificielles approvisionnent la planète en eau douce, tandis que la quasi-totalité des denrées de la vie de tous les jours est importée. Le climat est uniformément contrôlé et tempéré. <br>', 24, 368, 1, 'tempéré', 'images/Planetes/coruscant.jpg'),
(10, 'Kamino', 19720, '1000000000', 'Effacée des Archives Jedi, Kamino demeure inconnue pour la plupart de la galaxie. Sa position exacte n\'est pas connue, bien que l\'on sache qu\'elle se trouve au-delà de la Bordure Extérieure, au sud du Labyrinthe de Rishi. Seul un petit groupe de personnes surent que Kamino joua un rôle prépondérant dans le déclin de la puissance politique de l\'Ancienne République.<br>\r\n\r\n  Kamino est une planète océanique balayée par des orages violents. Seules quelques cités, abritant les nombreux Kaminoans, contrastent avec l\'aspect hostile de la planète. C\'est depuis Tipoca, la capitale de Kamino, que le Premier ministre Kaminoan Lama Su gouverne son peuple. Le Premier ministre surveillait étroitement les activités qui avaient fait la richesse de la planète, le clonage. Bien que peu connus, les Kaminoans sont les meilleurs de la galaxie dans ce domaine. Leur plus grosse commande, une armée pour l\'Ancienne République utilisée pendant la Guerre des Clones, a été conçue et formée par les équipements des Kaminoans.<br>\r\n\r\n  Kamino n\'a jamais réussi à surmonter l\'épreuve qu\'infligea la fonte des glaces intérieures. Ses océans ont rapidement augmenté, recouvrant les continents, forçant les Kaminoans à s\'adapter. Les ingénieurs et techniciens construisirent alors des cités montées sur pilotis, dans le même style que leur ancienne colonies terrestres, pour pouvoir résister aux orages incessants et aux tempêtes destructrices. <br>', 27, 463, 1, 'tempéré', 'images/Planetes/kamino.jpg'),
(11, 'Geonosis', 11370, '100000000000', 'Située à moins d\'un parsec de Tatooine, Géonosis est un monde rocailleux entouré d\'un anneau de météorites. Sa surface, peu accueillante, est composée de canyons, de crevasses et de montagnes. La terre comme le ciel sont fortement teintés de couleur rouge, ce qui donne un aspect encore moins engageant à Géonosis.<br>\r\n Les conditions de vie sur la planète rocailleuse sont extrêmes : sa surface est parfois le théâtre de violentes tempêtes de radiations, et des brouillards très denses à haute altitude cachent parfois entièrement le soleil pendant plusieurs jours, créant une nuit artificielle inquiétante. La vie a donc du s\'adapter à ces conditions particulières : pour survivre aux tempêtes, nombre de créatures vivent sous terre ; certaines espèces sont même capables dotées d\'une vision adaptée à l\'obscurité.<br>\r\n\r\n  Au premier coup d\'œil, Géonosis semble inhabitée. C\'est tout le contraire. Les Géonosiens, qui peuplent la planète sont une espèce évoluée, de forme insectoïde, dotée d\'une paire d\'ailes qui leur permet de se mouvoir avec aisance dans leurs immenses colonies souterraines. Leur architecture, parfaitement adaptée, se confond avec l\'environnement : les montagnes sont truffées de galeries, et derrière chaque cratère apparemment naturel peuvent se cacher des conduits d\'aération. <br>', 30, 256, 0.9, 'aride', 'images/Planetes/geonosis.jpg'),
(12, 'Utapau', 12900, '95000000', 'La petite planète d\'Utapau se trouve dans la Bordure Extérieure, dans le Système Tarabba pour être exact.<br>\r\nDepuis l\'espace, la planète ressemble à une planète sans relief, recouverte d\'étendues vertes assez éparses laissant souvent la place à des affleurements rocheux. En fait, le peu de verdure apparente est due à la constitution même de la planète. En effet, la roche de la planète est très poreuse, ce qui empêche l\'eau de pluie de rester en surface et de nourrir les plantes car elle s\'écoule à travers la roche jusqu\'à ce qu\'elle arrive sur une plaque rocheuse moins poreuse, généralement située à quelques centaines de mètres de la surface. Il est ainsi plus facile de trouver de l\'eau en profondeur qu\'en surface.<br>\r\n\r\n  Sa multitude de petits satellites est aussi assez étrange vue de l\'espace car certains d\'entre eux décrivent une trajectoire elliptique ample autour de la planète, rendant parfois la sortie de l\'hyperespace à proximité de la planète assez difficile. La plus grande particularité de la planète est la présence de profondes et larges cavités creusées par l\'eau qui s\'infiltrait à travers la roche. Ces cavités couvrent toute la surface de la planète et plongent à plus de 400 mètres de profondeur. C\'est là que se sont groupées les différentes formes de vie de la planète. <br>', 27, 351, 1, 'aride', 'images/Planetes/utapau.jpg'),
(13, 'Mustafar', 4200, '20000', 'Perdue au fin fond de la Bordure Extérieure, la planète Mustafar est la plus petite des deux mondes jumeaux tournant autour du soleil d\'un système inexorablement arriéré. <br>\r\nCette sphère tellurique est une véritable désolation cauchemardesque, c\'est tout juste, lorsqu\'on la voit, si l\'on se demande si elle n\'a pas été ravagée lors d\'un bombardement planétaire à grande échelle. <br>\r\nSes innombrables volcans crachent de manière incessante du magma en fusion provenant de ses entrailles, et déversent dans l\'atmosphère des fumées et des cendres noires, tandis que les différentes failles tectoniques vomissent des vapeurs sulfuriques et autres agents hautement toxiques. Le paysage désertique est donc partagé entre les étendues de lave recouvrant la majorité des terres, les profonds canyons bouillonnants, et les imposants massifs volcaniques d\'obsidienne.<br>\r\n\r\n  Le ciel, quand à lui, est obscurci continuellement par les fumées des volcans, qui ne laissent filtrer aucune lumière, plongeant ainsi ce monde ardent dans une obscurité presque complète. Inutile d\'ajouter que la chaleur  étouffante qui y sévit est pratiquement insupportable, sauf peut être pour les natifs de la planète.', 36, 412, 1, 'chaud', 'images/Planetes/mustafar.jpg'),
(14, 'Kashyyyk', 12765, '45000000', 'Monde couvert de forêts et de jungles, Kashyyyk est le monde natal des Wookies.<br>\r\nEntourées de trois lunes argentées, la planète possède quatre continents entourés d\'eau. Ce monde encore sauvage se situe dans la Bordure Médiane et est la planète principale du système de Kashyyyk. Ce système abrite non seulement les Wookies, mais également une race reptilienne, les Trandoshans, de Trandosha. <br>\r\nLa grande proximité entre ces deux espèces a amplifié les animosités s\'enracinant dans leur cultures respectives. De nombreuses altercations eurent lieues au cours de l\'Histoire.<br>\r\n\r\n  Kashyyyk est pourvue d\'un écosystème unique à travers la galaxie. La planète est recouverte d\'une forêt quasi infinie, stratifiée de plusieurs étages où vivent différents types d\'êtres vivants. Chaque étage accueille un type de faune et flore bien particulier, sachant que plus l\'on descend dans les niveaux inférieurs, plus la faune et la flore deviennent hostiles.<br>\r\nLes Wookies occupent le plus haut niveau de la forêt à savoir le septième, réputé à travers la galaxie comme étant déjà menaçant. Les Wookies les plus forts et les plus courageux descendent quelquefois dans les niveaux inférieurs pour des raisons purement compréhensibles par les Wookies.', 26, 381, 1, 'tropical', 'images/Planetes/kashyyyk.jpg'),
(15, 'Felucia', 9100, '8500000', ' Malgré le fait que Shu Mai soit née sur le monde natal des Gossams qu\'est Castell, c\'est sur le monde luxuriant de Felucia que la présidente de la Guilde du Commerce a établi sa résidence principale, le gigantesque complexe faisant office de bureau et de retraite pour la Gossam et étant situé aux abords de la cité de Kway Teow. <br>\r\nLe monde de Felucia fut colonisé, à l\'instar de Cato Neimoidia pour les Neimoidiens, par l\'espèce des Gossams relativement tôt lorsque cette race débuta son programme d\'exploration spatiale, même si les Gossams préférèrent par la suite concentrer leurs principales activités sur des mondes jugés plus lucratifs. <br>\r\nPlanète dotée d\'un écosystème extraordinairement dense et coloré, Felucia ne peut pas pourtant se targuer du fait d\'être une colonie au sens large du terme et à l\'instar d\'autres mondes colonisés par les Gossams.<br>\r\n\r\n  Il règne à la surface de cette planète exotique un climat pour le moins chaud et humide, et chaque parcelle de terrain est occupée par une faune et une flore aux proportions assez importantes, les plantes s\'avérant particulièrement dangereuses.', 34, 231, 0.75, 'chaud, humide', 'images/Planetes/felucia.jpg'),
(16, 'Stewjon', 0, 'unknown', 'On ignore où se trouvait Stewjon mais il semble que c\'était une planète verdoyante et qu\'elle devait faire partie de la République. Stewjon était en outre la planète natale du futur Maître Jedi Obi-Wan Kenobi (-57).<br>\r\n\r\n  Étant donné que le potentiel de celui-ci fut remarqué à un très jeune âge et que ses parents n\'opposèrent apparemment aucune résistance lorsque les recruteurs Jedi emmenèrent le bambin avec eux, Stewjon devait être un monde possédant une forte tradition républicaine. Une fois adulte, Obi-Wan Kenobi retourna plusieurs fois sur Stewjon pour rendre visite à sa famille. ', 0, 0, 1, 'tempéré', 'images/Planetes/stewjon.jpg'),
(17, 'Corellia', 11000, '3000000000', 'Figurant parmi les mondes les plus connus de toute la galaxie, Corellia est pour beaucoup synonyme de technologie et de voyage spatial. Pour d\'autres cette planète est le symbole des fauteurs de trouble et de tout ce que l\'univers compte de hors-la-loi. <br>\r\nUne chose est certaine : Corellia a depuis des millénaires produit quelques-unes des personnalités les plus marquantes de l\'Histoire : contrandiers, pilotes de renom, et même chevaliers Jedi, pour ne citer qu\'eux... <br>\r\n\r\n  Rien dans l\'apparence de la planète ne pourrait cependant laisser à penser que Corellia est un monde majeur à tous points de vue : vue de l\'espace, c\'est une planète tranquille, recouverte de collines, de forêts immenses, de plaines verdoyantes et de vastes océans.<br>\r\nLa préservation de l\'environnement a également favorisé la prolifération des espèces animales et végétales, faisant de l\'écosystème de Corellia l\'un des plus équilibrés et des plus riches des Mondes du Noyau. Le serpent des plaines et la fameuse panthère des sables ne sont que les exemples les plus célèbres de cette faune.', 25, 329, 1, 'tempéré', 'images/Planetes/corellia.jpg'),
(18, 'Death Star', 165, '368937', 'Le règne de l\'Empereur Palpatine, qui dura un peu plus de deux décennies, vit la construction de nombreuses armes de destruction massive, toutes plus impressionnantes les unes que les autres. Dans son ambition démesurée de dominer toute la galaxie d\'une main de fer, le Seigneur Noir des Sith développa la recherche militaire jusqu\'à un stade encore inégalé dans toute l\'histoire galactique, bien que celle-ci fût particulièrement longue et riche en conflits.<br>\r\nMême si ses actions de combat furent peu nombreuses - grâce à l\'Alliance Rebelle et à la dextérité d\'un certain Luke Skywalker - l\'Étoile de la Mort a laissé une empreinte indélébile dans l\'Histoire en détruisant la pacifique planète Alderaan. <br>\r\n\r\n  La plus connue de ces superarmes fut sans conteste l\'Étoile de la Mort, une gigantesque station spatiale capable de détruire des planètes entières, et dont la construction fut achevée environ 18 années après la chute de l\'Ancienne République et l\'instauration d\'un Empire Galactique.<br>\r\nC\'était aussi et surtout le plus gigantesque vaisseau spatial construit à l\'époque, et dont les entrailles abritaient plus d\'un million deux cents mille personnes et disposant de plus de 26 000 appareils de soutien de toutes catégories.', 0, 0, 1, 'artificiellement tempéré', 'images/Planetes/deathstar.jpg'),
(19, 'Dathomir', 10460, '600', 'Dathomir est une planète relativement jeune comparée à d\'autres mondes connus depuis des millénaires. Recensée à l\'époque de l\'Ancienne République il y a environ 2600 ans comme appartenant à la Bordure Extérieure, dans le système de Quelii, Dathomir est une planète relativement hostile en raison de la présence de certaines espèces animales particulièrement dangereuses.<br>\r\n\r\n  Bien que ce ne soit pas l\'espèce dominante sur la planète, les Rancors sont tout de même présents en de nombreux points du globe puisque c\'est leur monde d\'origine. Quelques autres espèces peuplent la surface, comme les Whuffa - des sortes de gastéropodes - des Buras, des poissons locaux, mais aussi des reptiles et des rongeurs.<br>\r\n\r\n  A noter également qu\'une espèce nommée le Peuple Bleu du Désert vit dans le Grand Désert de Dathomir, une région s\'étendant sur près de 80 kilomètres.\r\n  Les trois continents principaux sont entourés par un océan unique qui est fortement influencé par les quatre lunes orbitant autour de la planète. La gravité est légèrement plus faible que les standards galactiques, et Dathomir présente différents paysages : chaînes de montagnes, étendues désertiques ou encore de forêts dont la cime de quelques arbres peut atteindre jusqu\'à 80 mètres de haut. <br>', 24, 491, 0.9, 'tempéré', 'images/Planetes/dathomir.jpg'),
(20, 'Serenno', 0, 'Unknown', 'Avec des centaines de milliers de mondes habitables à travers la Galaxie, les plus riches se trouvaient souvent concentrés au niveau du Noyau, au cœur des planètes les plus anciennement colonisées et industrialisées. Pourtant, à l\'époque de l\'Ancienne République, Serenno, située dans la Bordure Extérieure, rivalisait avec les mondes les plus aisés tels Coruscant ou Kuat.<br>\r\n\r\n  Dirigée par de nombreuses familles de nobles, la fortune de la planète et de ses aristocrates était colossale, tout autant que la majeure attraction de Serenno : le Marché Ouvert de Carannia. Localisé au cœur de la capitale, cet endroit gigantesque avec ses centaines d\'étals de tous horizons était renommé à travers la Galaxie. En effet, en vivant symbole du commerce pur et dur le marché ouvert regroupait des vendeurs venus de mondes reculés. Ainsi, Carannia était un pôle économique majeur de Serenno où chacun, quelle que soit sa classe sociale, se mêlait à la foule pour y trouver de bonnes affaires.<br> \r\nProtégées par leur fortune, les familles de la haute aristocratie s\'impliquèrent très tôt dans divers mouvements à tendance séparatiste et subventionnaient des groupes activistes qui luttaient contre l\'autorité de Coruscant.', 0, 0, 0, 'N/A', 'images/Planetes/serenno.jpg'),
(21, 'Hays Minor', 0, 'Unknown', ' Situé aux confins de la civilisation défendue par la Nouvelle République, le système Otomok abritait deux mondes : Hays Major et Hays Minor. Toutes deux se trouvaient à l\'extrême limite de la zone habitable de leur étoile, les plongeant en permanence dans un crépuscule froid. Pour cette raison, Hays Minor n\'offrait aucune espèce native, ce qui n\'empêcha pas sa colonisation ni l\'arrivée du Premier Ordre.<br>\r\n\r\n  Avec l\'irruption des partisans du Suprême Leader Snoke, les mines ne furent plus l\'unique intérêt du monde natal de Rose et Paige Tico. La population découvrit bientôt que, non content d\'épuiser ses ressources minières, le Premier Ordre testait les armes expérimentales qu\'il en tirait sur la petite planète. En conséquence, les sols furent empoisonnés, les calottes glaciaires polluées de déchets en tous genres, et des quantités phénoménales de poussières vinrent obscurcir davantage le ciel.<br>\r\n\r\n  La vie déjà rude devint très difficile sur Hays Minor, dangereuse également. L\'atmosphère alourdie ne permettait même plus d\'admirer les étoiles, éteignant métaphoriquement les rêves de la population. Il semblerait que le seul moyen de s\'en tirer fut d\'embarquer en tant que réfugié à bord d\'un vaisseau de contrebandier, moyen choisi par Hue et Thanya Tico pour évacuer leurs filles Rose et Paige.', 0, 0, 0, 'N/A', 'images/Planetes/haysminor.jpg');

-- --------------------------------------------------------

--
-- Structure de la table `PlaysIn`
--

CREATE TABLE `PlaysIn` (
  `id_people` int(6) UNSIGNED NOT NULL,
  `id_film` int(4) UNSIGNED NOT NULL
) ENGINE=InnoDB DEFAULT CHARSET=utf8mb4;

--
-- Contenu de la table `PlaysIn`
--

INSERT INTO `PlaysIn` (`id_people`, `id_film`) VALUES
(1, 3),
(1, 4),
(1, 5),
(1, 6),
(1, 7),
(1, 8),
(2, 7),
(2, 8),
(2, 9),
(3, 4),
(3, 6),
(3, 7),
(3, 9),
(3, 11),
(4, 5),
(4, 6),
(4, 7),
(4, 8),
(4, 10),
(5, 7),
(5, 8),
(5, 9),
(6, 7),
(6, 8),
(6, 9),
(7, 7),
(7, 8),
(7, 9),
(8, 4),
(8, 7),
(9, 7),
(9, 9),
(11, 9),
(12, 4),
(12, 5),
(12, 6),
(12, 10),
(14, 1),
(14, 2),
(14, 3),
(14, 4),
(15, 1),
(15, 2),
(15, 3),
(16, 1),
(16, 2),
(16, 3),
(17, 1),
(18, 1),
(19, 1),
(20, 2),
(20, 5),
(21, 3),
(22, 3),
(23, 2),
(24, 4),
(24, 10),
(25, 5),
(25, 9),
(25, 11),
(26, 3),
(26, 6),
(27, 9),
(28, 5),
(29, 6),
(30, 8),
(31, 9),
(32, 10),
(33, 10),
(34, 10),
(35, 10),
(36, 11),
(37, 11),
(38, 11);

-- --------------------------------------------------------

--
-- Structure de la table `Species`
--

CREATE TABLE `Species` (
  `id` int(3) UNSIGNED NOT NULL,
  `classification` varchar(30) DEFAULT NULL,
  `name` varchar(30) DEFAULT NULL
) ENGINE=InnoDB DEFAULT CHARSET=utf8mb4;

--
-- Contenu de la table `Species`
--

INSERT INTO `Species` (`id`, `classification`, `name`) VALUES
(1, 'mammal', 'Human'),
(2, 'artificial', 'Droid'),
(3, 'mammal', 'Wookie'),
(4, 'reptilian', 'Rodian'),
(5, 'gastropod', 'Hutt'),
(6, 'mammal', 'Yoda\'s species'),
(7, 'reptile', 'Trandoshan'),
(8, 'amphibian', 'Mon Calamari'),
(9, 'mammal', 'Ewok'),
(10, 'mammal', 'Sullustan'),
(11, 'unknown', 'Neimodian'),
(12, 'amphibian', 'Gungan'),
(13, 'mammal', 'Toydarian'),
(14, 'mammal', 'Dug'),
(15, 'mammal', 'Twi\'lek'),
(16, 'reptile', 'Aleena'),
(17, 'unknown', 'Vulptereen');

-- --------------------------------------------------------

--
-- Structure de la table `stars`
--

CREATE TABLE `stars` (
  `id` int(11) NOT NULL,
  `note` tinyint(4) NOT NULL,
  `film` int(11) UNSIGNED NOT NULL,
  `userid` int(11) NOT NULL
) ENGINE=InnoDB DEFAULT CHARSET=utf8 COLLATE=utf8_unicode_ci;

--
-- Contenu de la table `stars`
--

INSERT INTO `stars` (`id`, `note`, `film`, `userid`) VALUES
(1, 4, 4, 1),
(2, 4, 5, 1),
(3, 3, 4, 7),
(4, 2, 5, 7),
(5, 4, 6, 14),
(6, 5, 9, 1),
(7, 2, 9, 7),
(8, 4, 6, 17),
(9, 4, 4, 21),
(10, 4, 1, 21),
(11, 4, 2, 21),
(12, 3, 6, 21),
(13, 5, 1, 1),
(14, 4, 6, 22),
(15, 3, 12, 26),
(16, 4, 4, 14),
(17, 5, 5, 27),
(18, 4, 1, 27),
(19, 4, 2, 27),
(20, 5, 5, 21);

-- --------------------------------------------------------

--
-- Structure de la table `Starship`
--

CREATE TABLE `Starship` (
  `id` int(11) UNSIGNED NOT NULL,
  `class` varchar(40) NOT NULL,
  `mglt` int(11) NOT NULL,
  `name` varchar(40) NOT NULL,
  `model` varchar(40) NOT NULL,
  `manufacturer` varchar(40) NOT NULL,
  `cost_in_credits` bigint(20) DEFAULT NULL,
  `length` int(11) NOT NULL,
  `max_atmo_speed` int(11) DEFAULT NULL,
  `crew` int(11) DEFAULT NULL,
  `passengers` int(11) DEFAULT NULL,
  `cargo_capacity` bigint(20) DEFAULT NULL,
  `consumables` varchar(20) DEFAULT NULL,
  `hyperdrive_rating` float NOT NULL,
  `picture` varchar(70) DEFAULT NULL,
  `clan` int(11) DEFAULT NULL,
  `description` text NOT NULL
) ENGINE=InnoDB DEFAULT CHARSET=utf8mb4;

--
-- Contenu de la table `Starship`
--

INSERT INTO `Starship` (`id`, `class`, `mglt`, `name`, `model`, `manufacturer`, `cost_in_credits`, `length`, `max_atmo_speed`, `crew`, `passengers`, `cargo_capacity`, `consumables`, `hyperdrive_rating`, `picture`, `clan`, `description`) VALUES
(2, 'corvette', 60, 'CR90 corvette', 'CR90 corvette', 'Corellian Engineering Corporation', 3500000, 150, 950, 165, 600, 3000000, '1 year', 2, 'images/Vaisseaux/CR90 corvette.png', 1, ''),
(3, 'Star Destroyer', 60, 'Star Destroyer', 'Imperial I-class Star Destroyer', 'Kuat Drive Yards', 150000000, 1600000, 975, 47060, 0, 36000000, '2 year', 2, 'images/Vaisseaux/Star Destroyer.png', 2, ''),
(5, 'landing craft', 70, 'Sentinel-class landing craft', 'Sentinel-class landing craft', 'Sienar Fleet Systems, Cyngus Spaceworks', 240000, 38, 1000, 5, 75, 180000, '1 mounth', 1, 'images/Vaisseaux/Sentinel-class landing craft.png', 2, ''),
(9, 'Deep Space Mobile Battlestation', 10, 'Death Star', 'DS-1 Orbital Battle Station', 'Imperial Department of Military Research', 1000000000000, 120000, 0, 342953, 843342, 1000000000000, '3 years', 4, 'images/Vaisseaux/Death Star.png', 2, ''),
(10, 'Light freighter', 75, 'Millennium Falcon', 'YT-1300 light freighter', 'Corellian Engineering Corporation', 100000, 34, 1050, 4, 6, 100000, '2 months', 0.5, 'images/Vaisseaux/Millennium Falcon.png', 1, ''),
(11, 'assault starfighter', 80, 'Y-wing', 'BTL Y-wing', 'Koensayr Manufacturing', 134999, 14, 1000, 2, 0, 110, '1 week', 1, 'images/Vaisseaux/Y-wing.png', 1, ''),
(12, 'Starfighter', 100, 'X-wing', 'T-65 X-wing', 'Incom Corporation', 149999, 12, 1050, 1, 0, 110, '1 week', 1, 'images/Vaisseaux/X-wing.png', 1, ''),
(13, 'Starfighter', 105, 'TIE Advanced x1', 'Twin Ion Engine Advanced x1', 'Sienar Fleet Systems', 0, 9, 1200, 1, 0, 150, '5 days', 1, 'images/Vaisseaux/TIE Advanced x1.png', 2, ''),
(15, 'Star dreadnought', 40, 'Executor', 'Executor-class  star dreadnought', 'Kuat Drive Yards', 1143350000, 19000, NULL, 279, 38000, 250000000, '6 years', 2, 'images/Vaisseaux/Executor.png', 2, ''),
(17, 'medium transport', 20, 'Rebel transport', 'GR-75 medium transport', 'Gallofree Yards, Inc', NULL, 90, 650, 6, 90, 19000000, '6 months', 4, 'images/Vaisseaux/Rebel transport.png', 1, ''),
(21, 'patrol craft', 70, 'Slave 1', 'Firespray-31-class patrol and attack', 'Kuat Systems Engineering', NULL, 22, 1000, 1, 6, 70000, '1 month', 3, 'images/Vaisseaux/Slave 1.png', 3, ''),
(22, 'Armed government transport', 50, 'Imperial shuttle', 'Lambda-class T-4a shuttle', 'Sienar Fleet Systems', 240000, 20, 850, 6, 20, 80000, '2 months', 1, 'images/Vaisseaux/Imperial shuttle.png', 1, ''),
(23, 'escort ship', 40, 'EF76 Nebulon-B escort frigate', 'EF76 Nebulon-B escort frigate', 'Kuat Drive Yards', 8500000, 300, 800, 854, 75, 6000000, '2 years', 2, 'images/Vaisseaux/EF76 Nebulon-B escort frigate.png', 1, ''),
(27, 'Star Cruiser', 60, 'Calamari Cruiser', 'MC80 Liberty type Star Cruiser', 'Mon Calamari shipyards', 104000000, 1200, NULL, 5400, 1200, NULL, '2 years', 1, 'images/Vaisseaux/Calamari cruiser.jpg', 1, ''),
(28, 'Starfighter', 120, 'A-wing', 'RZ-1 A-wing Interceptor', 'Alliance Underground Engineering, Inc.', 175000, 10, 1300, 1, 0, 40, '1 week', 1, 'images/Vaisseaux/A-Wing.jpg', 1, ''),
(29, 'Assault Starfighter', 91, 'B-wing', 'A/SF-01 B-wing starfighter', 'Slayn & Korpil', 220000, 17, 950, 1, 0, 45, '1 week', 2, 'images/Vaisseaux/BWingsKillISD2-ST.jpg', 1, ''),
(31, 'Star Cruiser', 0, 'Republic Cruiser', 'Consular-class cruiser', 'Corellian Engineering Corporation', NULL, 115, 900, 9, 16, NULL, NULL, 2, 'images/Vaisseaux/Radiant_VII.png', 1, ''),
(32, 'Droid control ship', 0, 'Droid control ship', 'Lucrehulk-class Droid Control Ship', 'Hoersch-Kessel Drive, Inc.', NULL, 3170, NULL, 175, 139000, 4000000000, '500 days', 2, 'images/Vaisseaux/Droid control ship.png', 6, ''),
(39, 'Starfighter', 0, 'Naboo fighter', 'N-1 starfighter', 'Theed Palace Space Vessel Engineering ', 200000, 11, 1100, 1, 0, 65, '7 days', 1, 'images/Vaisseaux/Naboo fighter.jpg', 6, ''),
(40, 'Yacht', 0, 'Naboo Royal Starship', 'J-type 327 Nubian royal starship', 'Theed Palace Space Vessel Engineering ', NULL, 76, 920, 8, NULL, NULL, NULL, 1.8, 'images/Vaisseaux/Nubian_327_Type_J.png', 6, ''),
(41, 'space transport', 0, 'Scimitar', 'Star Courier', 'Republic Sienar Systems', 55000000, 27, 1180, 1, 6, 25000000, '30 days', 1.5, 'images/Vaisseaux/Scimitar_BF2.png', 5, ''),
(43, 'Diplomatic barge', 0, 'J-type diplomatic barge', 'J-type diplomatic barge', 'Theed Palace Space Vessel Engineering ', 2000000, 39, 2000, 5, 10, NULL, '1 year', 0.7, 'images/Vaisseaux/Barge_diplomatique_Naboo.jpg', 5, ''),
(47, 'Freighter', 0, 'AA-9 Coruscant freighter', 'Botajef AA-9 Freighter-Liner', 'Botajef Shipyards', NULL, 390, NULL, NULL, 30000, NULL, NULL, 1, 'images/Vaisseaux/AA-9-de-Coruscant.jpg', 5, ''),
(48, 'Starfighter', 0, 'Jedi starfighter', 'Delta-7 Aethersprite-class interceptor', 'Kuat Systems Engineering', 180000, 8, 1150, 1, 0, 60, '7 days', 1, 'images/Vaisseaux/Delta-7 Aethersprite-class interceptor.png', 1, ''),
(49, 'H-type Nubian yacht', 0, 'H-type Nubian yacht', 'H-type Nubian yacht', 'Theed Palace Space Vessel Engineering ', NULL, 48, 8000, 4, NULL, NULL, NULL, 0.9, 'images/Vaisseaux/Yacht_Naboo_type_H.jpg', 1, ''),
(52, 'Assault ship', 0, 'Republic Assault ship', 'Acclamator I-class assault ship', 'Rothana Heavy Engineering', NULL, 752, NULL, 700, 16000, 11250000, '2 years', 0.6, 'images/Vaisseaux/Acclamator I-class assault ship.jpg', 5, ''),
(58, 'Yacht', 0, 'Solar Sailer', 'Punworcca 116-class interstellar sloop', 'Huppla Pasa Tisc Shipwrights Collective', 35700, 15, 1600, 3, 11, 240, '7 days', 1.5, 'images/Vaisseaux/SolorSailer-DB.png', 5, ''),
(59, 'Capital ship', 0, 'Trade Federation cruiser', 'Providence-class carrier/destroyer', 'Rendili StarDrive, Free Dac Volunteers', 125000000, 1088, 1050, 600, 48247, 50000000, '4 years', 1.5, 'images/Vaisseaux/Trade Federation cruiser.jpg', 5, ''),
(61, 'Transport', 0, 'Theta-class T-2c shuttle', 'Theta-class T-2c shuttle', 'Cygnus Spaceworks', 1000000, 19, 2000, 5, 16, 50000, '56 days', 1, 'images/Vaisseaux/Theta-class T-2c shuttle.jpg', NULL, ''),
(63, 'Star destroyer', 0, 'Republic attack cruiser', 'Senator-class Star Destroyer', 'Kuat Drive Yards, Allanteen Six shipyard', 59000000, 1137, 975, 7400, 2000, 20000000, '2 years', 1, 'images/Vaisseaux/Senator-class Star Destroyer.jpg', 5, ''),
(64, 'Yacht', 0, 'Naboo star skiff', 'J-type star skiff', 'Theed Palace Space Vessel Engineering ', NULL, 29, 1050, 3, 3, NULL, NULL, 0.5, 'images/Vaisseaux/Senator-class Star Destroyer.jpg', 5, ''),
(65, 'Starfighter', 0, 'Jedi Interceptor', 'Eta-2 Actis-class light interceptor', 'Kuat Systems Engineering', 320000, 5, 1500, 1, 0, 60, '2 days', 1, 'images/Vaisseaux/Eta-2 Actis-class light interceptor.png', 5, ''),
(66, 'Starfighter', 0, 'arc-170', 'Aggressive Reconnaissance-170 starfighte', 'Incom Corporation, Subpro Corporation', 155000, 15, 1000, 3, 0, 110, '5 days', 1, 'images/Vaisseaux/Aggressive Reconnaissance-170 starfighte.jpg', 5, ''),
(68, 'Cruiser', 0, 'Banking clan frigate', 'Munificent-class star frigate', 'Hoersch-Kessel Drive, Inc.', 57000000, 825, NULL, 200, NULL, 40000000, '2 years', 1, 'images/Vaisseaux/Munificent-class star frigate.jpg', 5, ''),
(74, 'Starfighter', 0, 'Belbullab-22 starfighter', 'Belbullab-22 starfighter', 'Feethan Ottraw Scalable Assemblies', 168000, 7, 1100, 1, NULL, 140, '7 days', 6, 'images/Vaisseaux/Belbullab-22 starfighter.jpg', 5, ''),
(75, 'Starfighter', 0, 'V-wing', 'Alpha-3 Nimbus-class V-wing starfighter', 'Kuat Systems Engineering', 102500, 8, 1050, 1, NULL, 60, '15 hours', 1, 'images/Vaisseaux/Alpha-3 Nimbus-class V-wing starfighter.png', 1, '');

-- --------------------------------------------------------

--
-- Structure de la table `StarshipsInAffiliation`
--

CREATE TABLE `StarshipsInAffiliation` (
  `id` int(6) UNSIGNED NOT NULL,
  `id_affilia` int(10) UNSIGNED NOT NULL
) ENGINE=InnoDB DEFAULT CHARSET=utf8mb4;

--
-- Contenu de la table `StarshipsInAffiliation`
--

INSERT INTO `StarshipsInAffiliation` (`id`, `id_affilia`) VALUES
(2, 2),
(2, 13),
(2, 14),
(2, 15),
(3, 4),
(3, 13),
(3, 14),
(9, 4),
(10, 2),
(10, 13),
(12, 2),
(13, 4),
(15, 4),
(17, 2),
(21, 4),
(22, 2),
(22, 4),
(22, 13),
(23, 2),
(23, 4),
(23, 13),
(27, 2),
(27, 13),
(28, 2),
(28, 13),
(29, 2),
(29, 13),
(31, 15),
(39, 17),
(40, 4),
(40, 10),
(40, 17),
(41, 10),
(43, 17),
(47, 4),
(47, 15),
(48, 4),
(48, 9),
(49, 17),
(52, 2),
(52, 4),
(52, 15),
(58, 10),
(59, 2),
(59, 4),
(59, 13),
(61, 4),
(61, 15),
(63, 4),
(64, 17),
(65, 9),
(66, 2),
(66, 4),
(66, 15),
(74, 4),
(75, 4),
(75, 13),
(75, 15);

-- --------------------------------------------------------

--
-- Structure de la table `StarshipsInFilm`
--

CREATE TABLE `StarshipsInFilm` (
  `id_starship` int(11) NOT NULL,
  `id_film` int(11) NOT NULL
) ENGINE=InnoDB DEFAULT CHARSET=utf8mb4;

--
-- Contenu de la table `StarshipsInFilm`
--

INSERT INTO `StarshipsInFilm` (`id_starship`, `id_film`) VALUES
(2, 3),
(2, 4),
(2, 6),
(3, 4),
(3, 5),
(3, 6),
(5, 4),
(9, 4),
(10, 4),
(10, 5),
(10, 6),
(11, 4),
(11, 5),
(11, 6),
(12, 4),
(12, 5),
(12, 6),
(13, 4),
(15, 5),
(15, 6),
(17, 5),
(17, 6),
(21, 2),
(21, 4),
(22, 5),
(22, 6),
(23, 5),
(23, 6),
(27, 6),
(28, 6),
(29, 6),
(31, 1),
(32, 1),
(32, 2),
(32, 3),
(39, 1),
(39, 2),
(40, 1),
(41, 1),
(43, 2),
(47, 2),
(48, 2),
(48, 3),
(49, 2),
(52, 2),
(58, 2),
(59, 3),
(61, 3),
(63, 3),
(64, 3),
(65, 3),
(66, 3),
(68, 3),
(74, 3),
(75, 3);

-- --------------------------------------------------------

--
-- Structure de la table `users`
--

CREATE TABLE `users` (
  `idUsers` int(255) NOT NULL,
  `pseudo` varchar(255) NOT NULL,
  `mot_de_passe` varchar(255) NOT NULL,
  `email` varchar(255) NOT NULL,
  `type_connexion` varchar(255) DEFAULT NULL
) ENGINE=InnoDB DEFAULT CHARSET=utf8mb4 COMMENT='Table des users ( admin, inscrits, visiteurs) ';

--
-- Contenu de la table `users`
--

INSERT INTO `users` (`idUsers`, `pseudo`, `mot_de_passe`, `email`, `type_connexion`) VALUES
(1, 'Kormtusor', '4e7afebcfbae000b22c7c85e5560f89a2a0280b4', 'gautier.lehericy@groupe-esigelec.org', '1'),
(2, 'JauneFragile', 'ce02189ca9e61d10b6017f54c7b3be401ec616a5', 'tom.lim@groupe-esigelec.org', NULL),
(3, 'Austin', '41a6f282c11e463f8a8e58e20d6e181eb46a3f69', 'austin@hotmail.fr', NULL),
(4, 'sp1nk1', '715b0f95fee2405934408d0bf9f32dfc2f881b29', 'alexandre@groupe-esigelec.org', NULL),
(5, 'XxXD4rkVad0rXxX', '4d2128265507f17a840581ecadf6f84cdc06fbc2', 'darkvadordu95@wanadoo.fr', NULL),
(6, 'cc', 'bdb480de655aa6ec75ca058c849c4faf3c0f75b1', 'cc@test.com', NULL),
(7, 'Drokey', '6e7cfe9025ef166f2b15f351d2a38f803ef1998d', 'lehericy.gautier@sfr.fr', NULL),
(8, 'loan', 'bb21158c733229347bd4e681891e213d94c685be', 'bessonloane@gmail.com', NULL),
(9, 'MOI', '6726311167febb4c223e8ed72d6ecdceb23b904f', 'cecotine81@gmail.com', NULL),
(10, 'azer', '782dd27ea8e3b4f4095ffa38eeb4d20b59069077', 'azer@yahoo.fr', NULL),
(11, 'a', '86f7e437faa5a7fce15d1ddcb9eaeaea377667b8', 'a@a.fr', NULL),
(12, 'June', '0350e844d0aa0de0060df939586230374a7ac921', 'maxime.leger@groupe-esigelec.org', NULL),
(13, 'HEYOH', '7110eda4d09e062aa5e4a390b0a572ac0d2c0220', 'jadoreleschiens@salutcestcool.com', NULL),
(14, 'gfaim', '7c4a8d09ca3762af61e59520943dc26494f8941b', 'yolo@yaourt.fr', ''),
(15, 'Ui', '6f457e97a26f3037e5589415c3791be2852eb968', 'ui@ui.fr', NULL),
(16, 'a@a.com', '86f7e437faa5a7fce15d1ddcb9eaeaea377667b8', 'a@a.com', NULL),
(17, 'test', 'a94a8fe5ccb19ba61c4c0873d391e987982fbbd3', 'test@gmail.com', NULL),
(18, 'Admin', '123456789', 'admin@groupe-esigelec.org', 'Admin'),
(19, 'uytuidyt', '18d941c3c3245fbdf5551dffff16be5654440bbd', 'mngc92i@gmail.com', NULL),
(20, 'mngc', '18d941c3c3245fbdf5551dffff16be5654440bbd', 'mapangougaston@gmail.com', NULL),
(21, 'Austin', '40bd001563085fc35165329ea1ff5c5ecbdbbeef', 'a@hotmail.fr', NULL),
(22, 'jevienstricher', '7a85f4764bbd6daf1c3545efbbf0f279a6dc0beb', 'cestmoi@laaussi.fr', NULL),
(23, 'aaa', '7e240de74fb1ed08fa08d38063f6a6a91462a815', 'aaa@aaa.fr', NULL),
(26, 'robin', '7c4a8d09ca3762af61e59520943dc26494f8941b', 'robin@gmail.com', NULL),
(27, 'administrateur', '7c4a8d09ca3762af61e59520943dc26494f8941b', 'administrateur@gmail.com', '1\r\n'),
(28, 'XxXD4rkVad0rXxX', '7110eda4d09e062aa5e4a390b0a572ac0d2c0220', 'bseptfons@gmail.com', NULL),
(29, 'Thehugo777', '5e69762216199602d8192ca8b348ae5f51c8aeea', 'hugolecomte@protonmail.com', NULL),
(30, 'sportacusoublié', 'bae3f9e097f58059465c4cdf626df5bc7a6c9928', 'sportacus@sportacus.sport', NULL);

--
-- Index pour les tables exportées
--

--
-- Index pour la table `Affiliation`
--
ALTER TABLE `Affiliation`
  ADD PRIMARY KEY (`id_affiliation`);

--
-- Index pour la table `Climate`
--
ALTER TABLE `Climate`
  ADD PRIMARY KEY (`id`);

--
-- Index pour la table `Film`
--
ALTER TABLE `Film`
  ADD PRIMARY KEY (`id`);

--
-- Index pour la table `FilmPlanets`
--
ALTER TABLE `FilmPlanets`
  ADD PRIMARY KEY (`id_film`,`id_planet`),
  ADD KEY `fk_filmplanets_planet` (`id_planet`);

--
-- Index pour la table `HasClimate`
--
ALTER TABLE `HasClimate`
  ADD PRIMARY KEY (`id_planet`,`id_climate`),
  ADD KEY `fk_hasclimate_climate` (`id_climate`);

--
-- Index pour la table `People`
--
ALTER TABLE `People`
  ADD PRIMARY KEY (`id`),
  ADD KEY `fk_people_homeworld` (`homeworld`);

--
-- Index pour la table `Planet`
--
ALTER TABLE `Planet`
  ADD PRIMARY KEY (`id`);

--
-- Index pour la table `PlaysIn`
--
ALTER TABLE `PlaysIn`
  ADD PRIMARY KEY (`id_people`,`id_film`),
  ADD KEY `fk_playsin_film` (`id_film`);

--
-- Index pour la table `Species`
--
ALTER TABLE `Species`
  ADD PRIMARY KEY (`id`);

--
-- Index pour la table `stars`
--
ALTER TABLE `stars`
  ADD PRIMARY KEY (`id`),
  ADD KEY `fk_stars_film` (`film`);

--
-- Index pour la table `Starship`
--
ALTER TABLE `Starship`
  ADD PRIMARY KEY (`id`);

--
-- Index pour la table `StarshipsInAffiliation`
--
ALTER TABLE `StarshipsInAffiliation`
  ADD PRIMARY KEY (`id`,`id_affilia`),
  ADD KEY `id_affilia` (`id_affilia`);

--
-- Index pour la table `StarshipsInFilm`
--
ALTER TABLE `StarshipsInFilm`
  ADD PRIMARY KEY (`id_starship`,`id_film`);

--
-- Index pour la table `users`
--
ALTER TABLE `users`
  ADD PRIMARY KEY (`idUsers`);

--
-- AUTO_INCREMENT pour les tables exportées
--

--
-- AUTO_INCREMENT pour la table `Affiliation`
--
ALTER TABLE `Affiliation`
  MODIFY `id_affiliation` int(5) UNSIGNED NOT NULL AUTO_INCREMENT, AUTO_INCREMENT=19;
--
-- AUTO_INCREMENT pour la table `Climate`
--
ALTER TABLE `Climate`
  MODIFY `id` int(3) UNSIGNED NOT NULL AUTO_INCREMENT, AUTO_INCREMENT=9;
--
-- AUTO_INCREMENT pour la table `Film`
--
ALTER TABLE `Film`
  MODIFY `id` int(3) UNSIGNED NOT NULL AUTO_INCREMENT, AUTO_INCREMENT=15;
--
-- AUTO_INCREMENT pour la table `People`
--
ALTER TABLE `People`
  MODIFY `id` int(6) UNSIGNED NOT NULL AUTO_INCREMENT, AUTO_INCREMENT=79;
--
-- AUTO_INCREMENT pour la table `Planet`
--
ALTER TABLE `Planet`
  MODIFY `id` int(3) UNSIGNED NOT NULL AUTO_INCREMENT, AUTO_INCREMENT=23;
--
-- AUTO_INCREMENT pour la table `Species`
--
ALTER TABLE `Species`
  MODIFY `id` int(3) UNSIGNED NOT NULL AUTO_INCREMENT, AUTO_INCREMENT=18;
--
-- AUTO_INCREMENT pour la table `stars`
--
ALTER TABLE `stars`
  MODIFY `id` int(11) NOT NULL AUTO_INCREMENT, AUTO_INCREMENT=21;
--
-- AUTO_INCREMENT pour la table `Starship`
--
ALTER TABLE `Starship`
  MODIFY `id` int(11) UNSIGNED NOT NULL AUTO_INCREMENT, AUTO_INCREMENT=76;
--
-- AUTO_INCREMENT pour la table `users`
--
ALTER TABLE `users`
  MODIFY `idUsers` int(255) NOT NULL AUTO_INCREMENT, AUTO_INCREMENT=31;
--
-- Contraintes pour les tables exportées
--

--
-- Contraintes pour la table `FilmPlanets`
--
ALTER TABLE `FilmPlanets`
  ADD CONSTRAINT `fk_filmplanets_film` FOREIGN KEY (`id_film`) REFERENCES `Film` (`id`),
  ADD CONSTRAINT `fk_filmplanets_planet` FOREIGN KEY (`id_planet`) REFERENCES `Planet` (`id`);

--
-- Contraintes pour la table `HasClimate`
--
ALTER TABLE `HasClimate`
  ADD CONSTRAINT `fk_hasclimate_climate` FOREIGN KEY (`id_climate`) REFERENCES `Climate` (`id`),
  ADD CONSTRAINT `fk_hasclimate_planet` FOREIGN KEY (`id_planet`) REFERENCES `Planet` (`id`);

--
-- Contraintes pour la table `People`
--
ALTER TABLE `People`
  ADD CONSTRAINT `fk_people_homeworld` FOREIGN KEY (`homeworld`) REFERENCES `Planet` (`id`) ON DELETE CASCADE;

--
-- Contraintes pour la table `PlaysIn`
--
ALTER TABLE `PlaysIn`
  ADD CONSTRAINT `fk_playsin_film` FOREIGN KEY (`id_film`) REFERENCES `Film` (`id`) ON DELETE CASCADE,
  ADD CONSTRAINT `fk_playsin_people` FOREIGN KEY (`id_people`) REFERENCES `People` (`id`) ON DELETE CASCADE;

--
-- Contraintes pour la table `stars`
--
ALTER TABLE `stars`
  ADD CONSTRAINT `fk_stars_film` FOREIGN KEY (`film`) REFERENCES `Film` (`id`);

--
-- Contraintes pour la table `StarshipsInAffiliation`
--
ALTER TABLE `StarshipsInAffiliation`
  ADD CONSTRAINT `fk_starshipaffiliation_affiliation` FOREIGN KEY (`id_affilia`) REFERENCES `Affiliation` (`id_affiliation`) ON DELETE CASCADE,
  ADD CONSTRAINT `fk_starshipinaffiliation_id` FOREIGN KEY (`id`) REFERENCES `Starship` (`id`);

/*!40101 SET CHARACTER_SET_CLIENT=@OLD_CHARACTER_SET_CLIENT */;
/*!40101 SET CHARACTER_SET_RESULTS=@OLD_CHARACTER_SET_RESULTS */;
/*!40101 SET COLLATION_CONNECTION=@OLD_COLLATION_CONNECTION */;
